ID,Datum,Uhrzeit,Etage,Parkplatznummer,Einparkrichtung,Farbe,Land,Kennzeichen,Marke,Autotyp,Elektroauto,Steht schief,Steht auf zwei Parkplätzen,Seitenspiegel eingeklappt,Notizen
1,2023-12-02,15:40,10,30,forward,white,D,KS,VW,Kleinwagen,false,false,false,false,
2,2023-11-24,11:00,2,2,backward,grey,D,BAR,Dacia,Kleinwagen,false,false,false,false,
3,2023-11-24,11:00,2,3,forward,grey,D,OHV,BMW,Kleinwagen,false,false,false,false,
4,2023-11-24,11:00,2,4,forward,silver,D,B,Mercedes,SUV,false,false,true,false,
5,2023-11-24,11:00,2,5,backward,black,D,B,Nissan,Kleinwagen,false,false,false,false,
6,2023-11-24,11:00,2,6,forward,red,D,B,VW,Kleinwagen,false,false,false,false,
7,2023-11-24,11:00,2,7,forward,silver,D,B,VW,SUV,false,false,false,false,
8,2023-11-24,11:00,2,8,forward,silver,D,L,VW,Kleinwagen,false,false,false,false,
9,2023-11-24,11:00,2,13,backward,black,D,B,Smart,Cityflitzer,false,false,false,false,
10,2023-11-24,11:00,2,15,forward,grey,D,B,VW,Van,false,false,false,false,
11,2023-11-24,11:00,2,16,backward,white,D,BAR,Jeep,SUV,false,false,true,false,
12,2023-11-24,11:00,2,18,backward,black,D,PI,BMW,SUV,false,false,false,false,
13,2023-11-24,11:00,2,15,forward,grey,D,B,VW,Van,false,false,false,false,
14,2023-11-24,11:00,2,19,backward,black,SK,,Audi,Limo,false,false,false,false,
15,2023-11-24,11:00,2,21,backward,white,D,B,Dacia,Van,false,false,false,false,
16,2023-11-24,11:00,2,22,forward,blue,D,B,Seat,Kleinwagen,false,false,true,false,
17,2023-11-24,11:00,2,24,backward,black,D,MKK,BMW,Kombi,false,false,false,false,
18,2023-11-24,11:00,2,25,backward,silver,D,B,Suzuki,Kleinwagen,false,false,false,false,
19,2023-11-24,11:00,2,26,forward,silver,D,B,Smart,Cityflitzer,false,false,false,false,
20,2023-11-24,11:00,2,27,forward,black,D,MH,VW,Van,false,true,false,false,
21,2023-11-24,11:00,2,28,backward,red,D,OHV,Toyota,Kleinwagen,false,false,false,false,
22,2023-11-24,11:00,2,29,forward,grey,D,B,Mazda,Kleinwagen,false,false,false,false,
23,2023-11-28,15:20,2,30,backward,black,D,ANK,Mercedes,Limo,false,false,true,false,
24,2023-11-28,15:20,2,28,backward,silver,UA,,Mercedes,SUV,false,false,true,false,
25,2023-11-28,15:20,2,27,backward,silver,D,B,Smart,Cityflitzer,false,false,false,false,
26,2023-11-28,15:20,2,25,forward,black,D,B,VW,SUV,false,false,false,false,
27,2023-11-28,15:20,2,24,backward,white,D,B,Dacia,Kombi,false,false,false,false,
28,2023-11-28,15:20,2,22,forward,black,D,VG,Mercedes,SUV,false,false,false,false,
29,2023-11-28,15:20,2,20,backward,silver,SK,,VW,Kleinwagen,false,false,true,false,
30,2023-11-28,15:20,2,19,backward,black,D,B,BMW,SUV,true,false,false,true,
31,2023-11-28,15:20,2,18,forward,black,CZ,,Skoda,SUV,false,false,true,false,
32,2023-11-28,15:20,2,16,backward,silver,D,B,VW,Kleinwagen,false,false,false,false,
33,2023-11-28,15:20,2,15,backward,silver,D,UM,Ford,Kombi,false,false,false,false,
34,2023-11-28,15:20,2,14,forward,blue,D,B,Suzuki,Kombi,false,false,true,false,
35,2023-11-28,15:20,2,7,backward,black,D,B,Audi,SUV,false,false,true,true,
36,2023-11-28,15:20,2,6,forward,white,D,WI,Volvo,SUV,true,false,true,true,
37,2023-11-28,15:20,2,4,forward,black,D,M,Volvo,Van,true,false,true,true,
38,2023-11-28,15:20,2,3,backward,blue,D,B,Opel,Kleinwagen,false,false,false,false,
39,2023-11-28,15:20,2,1,backward,black,D,B,Mercedes,Limo,false,false,true,true,
40,2023-11-28,15:35,3,2,forward,silver,D,L,Dacia,SUV,false,false,false,true,
41,2023-11-28,15:35,3,4,backward,black,D,B,VW,Cityflitzer,false,false,false,false,nummer 03/08/04
42,2023-11-28,15:35,3,6,forward,grey,PL,,Renault,Kombi,false,false,false,false,3/08/06
43,2023-11-28,15:35,3,9,backward,grey,SK,,Mercedes,Van,false,false,false,false,
44,2023-11-28,15:35,3,12,backward,black,D,B,Bentley,Limo,false,false,true,true,
45,2023-11-28,15:35,3,12,forward,blue,D,B,Mini,Cityflitzer,false,false,false,false,
46,2023-11-28,15:35,3,13,forward,red,D,UM,Skoda,Kleinwagen,false,false,false,false,
47,2023-11-28,15:35,3,14,forward,white,D,OS,Mercedes,SUV,false,true,false,false,
48,2023-11-28,15:35,3,15,backward,blue,D,B,Dacia,Kombi,false,false,true,false,
49,2023-11-28,15:35,3,17,backward,beige,D,B,Toyota,Limo,false,false,false,true,Taxi
50,2023-11-28,15:35,3,8,backward,silver,D,SRB,Audi,Limo,false,false,true,false,
51,2023-11-28,15:35,3,6,backward,black,D,B,Mini,Cityflitzer,false,false,false,false,
52,2023-11-28,15:35,3,18,backward,white,D,E,Ford,Van,false,true,false,false,
53,2023-11-28,15:35,3,19,forward,silver,D,B,VW,Kleinwagen,false,false,false,false,
54,2023-11-28,15:35,3,20,backward,blue,D,B,Toyota,SUV,false,false,false,false,
55,2023-11-28,15:35,3,5,backward,silver,D,B,Honda,Kleinwagen,false,false,false,false,
56,2023-11-28,15:35,3,3,backward,grey,D,B,Ford,Kleinwagen,false,true,false,false,
57,2023-11-28,15:35,3,2,backward,silver,D,B,VW,Kleinwagen,false,false,false,false,
58,2023-11-28,15:35,3,1,forward,green,D,UM,Opel,Kombi,false,false,false,false,
59,2023-11-28,15:35,3,22,backward,blue,D,B,BMW,Kombi,false,false,false,false,
60,2023-11-28,15:35,3,23,forward,blue,D,H,Mitsubishi,Kleinwagen,false,false,false,false,
61,2023-11-28,15:35,3,24,backward,blue,D,UM,VW,Kombi,false,false,false,false,
62,2023-11-28,15:35,3,26,backward,white,D,E,VW,Cityflitzer,false,false,false,false,
63,2023-11-28,15:35,3,28,forward,black,D,PM,BMW,Limo,false,false,false,false,
64,2023-11-28,15:35,3,29,forward,silver,D,WB,Audi,Kleinwagen,false,false,false,true,
65,2023-11-28,15:35,3,32,backward,grey,D,B,VW,Kleinwagen,false,false,false,false,
66,2023-11-28,15:55,4,39,backward,silver,D,OHV,BMW,Kleinwagen,false,false,true,false,
67,2023-11-28,15:55,4,37,backward,white,D,B,Mercedes,SUV,false,false,false,true,
68,2023-11-28,15:55,4,36,backward,black,D,B,Skoda,Kleinwagen,false,false,false,false,
69,2023-11-28,15:55,4,34,forward,white,D,B,VW,SUV,false,false,false,false,
70,2023-11-28,15:55,4,33,backward,white,D,HAL,Mercedes,Transporter,false,false,false,true,
71,2023-11-28,15:55,4,33,backward,red,D,SY,VW,Kleinwagen,false,false,false,false,
72,2023-11-28,15:55,4,31,forward,white,D,M,Smart,Cityflitzer,false,false,false,false,
73,2023-11-28,15:55,4,30,backward,white,D,HAL,VW,Van,false,false,false,true,
74,2023-11-28,15:55,4,29,backward,grey,D,B,Opel,Kleinwagen,false,false,false,false,
75,2023-11-28,15:55,4,28,backward,grey,D,B,Skoda,SUV,false,false,false,true,
76,2023-11-28,15:55,4,1,backward,silver,D,B,Toyota,Van,false,false,false,true,
77,2023-11-28,15:55,4,3,backward,white,D,OHV,VW,SUV,false,false,true,true,
78,2023-11-28,15:55,4,4,backward,white,PL,,Audi,Limo,false,false,true,false,
79,2023-11-28,15:55,4,27,backward,grey,D,B,Mercedes,Kombi,false,false,false,false,
80,2023-11-28,15:55,4,26,forward,black,D,B,Smart,Cityflitzer,false,false,false,false,
81,2023-11-28,15:55,4,25,backward,black,D,B,BMW,SUV,false,false,false,false,
82,2023-11-28,15:55,4,8,backward,black,D,B,VW,SUV,false,false,false,true,
83,2023-11-28,15:55,4,24,forward,red,D,EE,Skoda,Kleinwagen,false,false,false,false,
84,2023-11-28,15:55,4,33,backward,silver,D,HVL,Mitsubishi,SUV,false,true,true,false,
85,2023-11-28,15:55,4,21,backward,grey,D,B,Dacia,SUV,false,true,true,false,
86,2023-11-28,15:55,4,19,backward,black,D,B,Mercedes,SUV,false,false,false,true,
87,2023-11-28,15:55,4,18,backward,black,D,SDL,Audi,SUV,false,true,false,true,
88,2023-11-28,15:55,4,16,forward,silver,D,MZ,Audi,Kleinwagen,false,false,false,false,
89,2023-11-28,15:55,4,15,forward,grey,D,MS,Opel,Kleinwagen,false,true,false,false,
90,2023-11-28,15:55,4,13,forward,blue,D,B,VW,Kleinwagen,false,false,false,true,
91,2023-11-28,15:55,4,12,forward,black,D,B,Audi,SUV,false,false,false,true,
92,2023-11-28,15:55,4,10,backward,red,D,B,Mitsubishi,Kleinwagen,false,false,false,false,
93,2023-11-28,16:10,5,5,backward,white,UA,,Kia,SUV,false,false,true,false,
94,2023-11-28,16:10,5,6,backward,red,D,OHV,Toyota,Kleinwagen,false,false,false,true,
95,2023-11-28,16:10,5,7,backward,silver,D,B,Audi,Kombi,false,false,false,false,
96,2023-11-28,16:10,5,8,backward,black,D,B,Mercedes,Kleinwagen,false,true,false,false,
97,2023-11-28,16:10,5,10,forward,black,D,B,Tesla,Limo,true,true,false,false,
98,2023-11-28,16:10,5,11,forward,grey,D,LWL,Mercedes,Kombi,false,false,true,true,
99,2023-11-28,16:10,5,13,forward,grey,D,B,Skoda,SUV,false,false,false,true,
100,2023-11-28,16:10,5,28,backward,black,D,B,Nissan,Kleinwagen,false,true,false,false,
101,2023-11-28,16:10,5,37,forward,red,D,B,Nissan,Kleinwagen,false,false,false,true,
102,2023-11-28,16:10,5,36,forward,black,D,B,BMW,Kleinwagen,false,false,false,false,
103,2023-11-28,16:10,5,35,backward,black,D,B,Audi,Limo,false,false,false,false,
104,2023-11-28,16:10,5,18,backward,grey,D,B,Hyundai,Kleinwagen,false,false,false,true,
105,2023-11-28,16:10,5,19,backward,white,D,B,VW,Van,false,false,false,false,
106,2023-11-28,16:10,5,20,forward,silver,D,B,VW,Kleinwagen,false,false,false,false,
107,2023-11-28,16:10,5,32,backward,black,D,B,VW,Kleinwagen,false,false,false,false,
108,2023-11-28,16:10,5,31,backward,black,D,B,Renault,Cityflitzer,false,false,false,false,
109,2023-11-28,16:10,5,24,forward,black,D,B,Mercedes,Limo,false,false,true,false,
110,2023-11-28,16:10,5,26,forward,grey,D,B,Fiat,Cityflitzer,false,false,false,false,
111,2023-11-28,16:15,6,27,backward,silver,D,OHV,Mercedes,Limo,false,false,false,false,
112,2023-11-28,16:15,6,29,forward,grey,D,B,Mini,Kombi,false,true,true,false,
113,2023-11-28,16:15,6,30,forward,silver,D,B,Opel,Kleinwagen,false,false,false,false,
114,2023-11-28,16:15,6,33,backward,silver,D,B,VW,Kleinwagen,false,false,true,false,
115,2023-11-28,16:15,6,34,backward,grey,D,B,Mercedes,Kombi,false,false,false,false,
116,2023-11-28,16:15,6,36,backward,white,D,B,Mercedes,Cityflitzer,false,false,true,true,
117,2023-11-28,16:15,6,37,backward,black,D,B,Suzuki,Kleinwagen,false,false,true,false,
118,2023-11-28,16:30,7,27,backward,silver,D,B,Seat,Kleinwagen,false,false,false,false,
119,2023-11-28,16:30,7,22,forward,white,D,B,Audi,SUV,false,false,false,true,
120,2023-11-28,16:30,7,31,forward,grey,D,B,VW,Kleinwagen,false,true,true,false,
121,2023-11-28,16:30,7,18,backward,black,D,B,Renault,Kleinwagen,false,false,true,false,
122,2023-11-28,16:30,7,38,backward,white,D,B,Mercedes,SUV,false,false,false,true,
123,2023-12-02,15:25,5,,forward,grey,D,B,Fiat,Kleinwagen,false,false,false,false,
124,2023-12-02,15:25,5,20,forward,silver,D,B,VW,Kleinwagen,false,true,false,false,
125,2023-12-02,15:25,5,31,backward,black,D,B,Renault,Kleinwagen,false,false,false,true,
126,2023-12-02,15:25,5,32,backward,black,D,B,VW,Kleinwagen,false,false,false,false,
127,2023-12-02,15:25,5,35,backward,blue,SK,,Skoda,Kombi,false,false,false,true,
128,2023-12-02,15:25,5,37,forward,black,D,B,VW,Kleinwagen,false,false,false,false,
129,2023-12-02,15:30,6,37,forward,silver,D,B,Mitsubishi,SUV,false,true,true,true,
130,2023-12-02,15:30,6,25,backward,white,D,B,VW,Van,false,false,true,true,
131,2023-12-02,15:35,7,12,forward,grey,D,LÖ,Audi,Limo,false,false,false,true,
132,2023-12-02,15:35,7,34,forward,blue,D,OHV,Peugeot,SUV,false,true,false,true,
133,2023-12-02,15:35,7,32,forward,grey,D,B,VW,Kleinwagen,false,true,false,false,
134,2023-12-02,15:35,9,15,backward,black,D,B,Jaguar,Limo,false,false,false,false,
135,2023-12-02,15:35,9,36,forward,grey,D,B,Opel,Kleinwagen,false,false,false,false,
136,2023-12-05,16:25,2,7,forward,silver,D,B,Audi,Limo,false,false,false,false,
137,2023-12-05,16:25,2,1,backward,silver,D,B,Seat,Kleinwagen,false,false,false,false,
138,2023-12-05,16:25,2,2,forward,red,D,UM,Skoda,Kleinwagen,false,false,false,false,
139,2023-12-05,16:25,2,3,backward,white,D,B,Kia,SUV,false,true,true,true,
140,2023-12-05,16:25,2,4,forward,black,D,B,Land Rover,SUV,false,false,true,true,
141,2023-12-05,16:25,2,27,backward,red,D,WI,Kia,Kleinwagen,false,false,true,false,
142,2023-12-05,16:25,2,26,backward,green,D,B,Smart,Cityflitzer,false,false,true,false,
143,2023-12-05,16:25,2,6,forward,black,D,LDS,VW,Kleinwagen,false,false,false,false,
144,2023-12-05,16:25,2,8,backward,silver,D,B,Honda,Kleinwagen,false,false,false,false,
145,2023-12-05,16:25,2,24,forward,blue,D,B,Opel,Kleinwagen,false,false,false,false,
146,2023-12-05,16:25,2,22,backward,grey,SK,,VW,Kombi,false,false,true,false,
147,2023-12-05,16:25,2,21,backward,blue,D,B,Seat,Kleinwagen,false,false,false,false,
148,2023-12-05,16:25,2,19,backward,white,D,B,Dacia,Kombi,false,false,false,false,
149,2023-12-05,16:25,2,18,backward,black,D,PI,BMW,SUV,false,false,false,true,
150,2023-12-05,16:25,2,16,forward,black,D,R,Mercedes,Kombi,false,false,false,true,
151,2023-12-05,16:25,2,15,backward,silver,D,UM,Ford,Kombi,false,false,false,false,
152,2023-12-05,16:25,2,14,forward,white,D,PCH,Mercedes,SUV,false,false,false,true,
153,2023-12-05,16:25,2,12,backward,black,D,B,Audi,Limo,false,false,false,true,
154,2023-12-05,16:25,2,10,backward,silver,D,B,VW,Kombi,false,false,false,false,
155,2023-12-05,16:40,3,1,backward,black,D,KÜN,Mercedes,Transporter,false,false,false,true,
156,2023-12-05,16:40,3,5,backward,black,D,M,VW,SUV,false,false,true,true,
157,2023-12-05,16:40,3,7,backward,grey,D,B,Opel,Kleinwagen,false,false,false,false,
158,2023-12-05,16:40,3,9,backward,grey,SK,,VW,Van,false,false,true,false,
159,2023-12-05,16:40,3,11,forward,white,D,B,BMW,Kleinwagen,false,false,false,false,
160,2023-12-05,16:40,3,12,forward,grey,D,EW,Volvo,SUV,false,false,true,true,
161,2023-12-05,16:40,3,15,forward,silver,D,B,BMW,Kleinwagen,false,false,false,false,
162,2023-12-05,16:40,3,17,backward,blue,D,B,Skoda,Kombi,false,false,false,true,
163,2023-12-05,16:40,3,8,backward,grey,D,BAR,Skoda,SUV,true,false,true,false,
164,2023-12-05,16:40,3,6,backward,grey,D,B,Ford,SUV,true,false,true,true,
165,2023-12-05,16:40,3,5,forward,white,D,B,Opel,Kombi,false,false,false,false,
166,2023-12-05,16:40,3,4,forward,red,D,B,Peugeot,Kleinwagen,false,false,false,false,
167,2023-12-05,16:40,3,3,backward,black,D,B,BMW,Limo,false,false,false,false,
168,2023-12-05,16:40,3,18,forward,silver,PL,,Fiat,SUV,false,false,false,true,
169,2023-12-05,16:40,3,20,backward,blue,D,UM,VW,Kleinwagen,false,false,false,false,
170,2023-12-05,16:40,3,21,backward,white,D,B,Seat,Cityflitzer,false,false,false,false,
171,2023-12-05,16:40,3,22,backward,white,D,HAL,VW,Transporter,false,false,false,false,
172,2023-12-05,16:40,3,2,forward,green,D,UM,Opel,Van,false,false,false,false,
173,2023-12-05,16:40,3,24,forward,silver,D,WZ,Audi,Kleinwagen,false,false,false,true,
174,2023-12-05,16:40,3,25,backward,white,PL,,Seat,Limo,false,false,false,true,
175,2023-12-05,16:40,3,26,backward,red,D,BAR,Seat,Kleinwagen,false,false,false,true,
176,2023-12-05,16:40,3,27,backward,white,D,B,Mercedes,SUV,false,false,false,false,
177,2023-12-05,16:55,4,34,forward,silver,D,B,VW,Kleinwagen,false,false,true,false,
178,2023-12-05,16:55,4,33,backward,black,D,B,Mercedes,Limo,false,false,false,false,
179,2023-12-05,16:55,4,31,backward,white,D,HAL,Mercedes,Transporter,false,false,false,false,
180,2023-12-05,16:55,4,28,backward,silver,D,HAL,Mercedes,Transporter,false,false,false,false,
181,2023-12-05,16:55,4,1,backward,silver,D,B,Toyota,Van,false,false,false,true,
182,2023-12-05,16:55,4,2,backward,silver,D,B,Mercedes,SUV,false,false,false,true,
183,2023-12-05,16:55,4,27,forward,silver,D,OHV,Mercedes,Limo,false,false,false,false,
184,2023-12-05,16:55,4,25,backward,white,D,B,VW,Transporter,false,false,false,false,
185,2023-12-05,16:55,4,33,backward,white,D,OHV,VW,SUV,false,true,true,true,
186,2023-12-05,16:55,4,5,backward,black,D,B,VW,SUV,false,false,true,true,
187,2023-12-05,16:55,4,23,backward,red,D,B,Nissan,Kleinwagen,false,false,false,true,
188,2023-12-05,16:55,4,22,backward,white,D,M,Ford,Transporter,false,false,false,false,
189,2023-12-05,16:55,4,6,backward,white,D,B,Mercedes,SUV,false,false,true,true,
190,2023-12-05,16:55,4,8,forward,black,D,B,Toyota,Kleinwagen,false,true,true,false,
191,2023-12-05,16:55,4,21,backward,black,D,PM,VW,SUV,false,false,false,false,
192,2023-12-05,16:55,4,20,forward,grey,D,B,Mercedes,Van,false,false,true,false,
193,2023-12-05,16:55,4,18,forward,blue,D,B,BMW,Kleinwagen,false,false,false,false,
194,2023-12-05,16:55,4,16,backward,gold,D,B,Mercedes,SUV,false,false,false,false,
195,2023-12-05,16:55,4,13,forward,blue,D,B,VW,Kleinwagen,false,false,false,true,
196,2023-12-05,16:55,4,12,forward,black,D,B,Audi,SUV,false,false,false,true,
197,2023-12-05,17:10,5,9,backward,white,D,H,VW,Kleinwagen,false,false,false,false,
198,2023-12-05,17:10,5,10,backward,grey,D,B,Hyundai,Kleinwagen,false,false,false,false,
199,2023-12-05,17:10,5,12,forward,black,D,B,VW,Kleinwagen,false,false,true,true,
200,2023-12-05,17:10,5,13,forward,white,D,HH,VW,SUV,false,false,false,false,
201,2023-12-05,17:10,5,38,backward,grey,D,MS,Land Rover,SUV,false,false,false,true,
202,2023-12-05,17:10,5,37,backward,black,D,TF,Dacia,Kombi,false,false,false,false,
203,2023-12-05,17:10,5,36,backward,red,D,B,Mitsubishi,Kleinwagen,false,false,false,false,
204,2023-12-05,17:10,5,15,backward,grey,D,P,Audi,Limo,false,false,false,true,
205,2023-12-05,17:10,5,17,backward,blue,D,B,VW,Kleinwagen,false,false,false,false,
206,2023-12-05,17:10,5,17,backward,blue,D,B,VW,Kleinwagen,false,true,false,false,
207,2023-12-05,17:10,5,18,backward,grey,D,B,Ford,Kombi,false,false,false,true,
208,2023-12-05,17:10,5,25,forward,black,D,B,Smart,Cityflitzer,false,false,false,false,
209,2023-12-05,17:10,5,26,forward,grey,D,B,Fiat,Cityflitzer,false,false,false,false,
210,2023-12-05,17:10,5,31,backward,black,D,B,Seat,Kleinwagen,false,false,false,false,
211,2023-12-02,15:25,4,1,backward,silver,D,B,Toyota,Kombi,false,false,false,false,
212,2023-12-02,15:25,4,3,backward,black,D,B,Mercedes,Kombi,false,false,false,false,
213,2023-12-02,15:25,4,4,forward,gold,D,P,VW,Kleinwagen,false,false,true,false,
214,2023-12-02,15:25,4,6,backward,silver,D,FF,Pegeaut,Kleinwagen,false,false,false,false,
215,2023-12-02,15:25,4,8,backward,silver,PL,,Audi,Limo,false,false,false,false,
216,2023-12-02,15:25,4,13,forward,blue,D,B,VW,Kleinwagen,false,false,false,true,
217,2023-12-02,15:25,4,16,forward,silver,D,BN,BMW,Limo,true,false,true,false,
218,2023-12-02,15:25,4,18,backward,silver,D,B,Kia,SUV,true,false,true,false,
219,2023-12-02,15:25,4,22,backward,white,D,B,Dacia,Kombi,false,false,false,false,
220,2023-12-02,15:25,4,25,backward,black,D,D,Mercedes,Limo,false,false,false,true,
221,2023-12-02,15:25,4,27,backward,white,D,FW,Kia,Kombi,false,false,false,false,
222,2023-12-02,15:25,4,28,backward,black,D,SWA,Audi,Kleinwagen,false,false,true,false,
223,2023-12-02,15:25,4,30,forward,black,D,B,Mercedes,SUV,true,false,false,true,
224,2023-12-02,15:25,4,31,forward,blue,D,L,BMW,SUV,false,true,false,false,
225,2023-12-02,15:25,4,33,backward,black,D,B,Mercedes,Limo,false,false,true,false,
226,2023-12-02,15:25,4,35,forward,silver,D,B,VW,Kleinwagen,false,false,false,false,
227,2023-12-02,15:25,4,37,backward,silver,PL,,Mitsubishi,SUV,false,false,false,true,
228,2023-12-02,15:25,4,38,backward,silver,D,FF,Citroën,Kombi,false,false,true,false,
229,2023-12-02,15:45,3,1,forward,white,D,Z,Seat,Kleinwagen,false,false,false,true,
230,2023-12-02,15:45,3,2,backward,grey,D,SRB,VW,Kombi,false,false,false,true,
231,2023-12-02,15:45,3,3,backward,blue,D,B,VW,Kleinwagen,false,false,true,false,
232,2023-12-02,15:45,3,5,forward,black,D,MR,VW,Kombi,false,false,false,true,
233,2023-12-02,15:45,3,6,forward,black,D,GT,Mazda,Kleinwagen,false,true,true,false,
234,2023-12-02,15:45,3,8,backward,silver,D,WB,VW,SUV,false,false,true,true,
235,2023-12-02,15:45,3,9,forward,silver,D,B,VW,Kleinwagen,false,true,false,true,
236,2023-12-02,15:45,3,11,forward,black,D,WI,Tesla,Kleinwagen,false,true,false,true,
237,2023-12-02,15:45,3,12,backward,black,D,ZI,Mercedes,Limo,false,false,false,true,
238,2023-12-02,15:45,3,13,forward,silver,D,GR,Opel,Kleinwagen,false,true,false,false,
239,2023-12-02,15:45,3,14,forward,blue,D,B,Opel,Kleinwagen,false,false,false,false,
240,2023-12-02,15:45,3,15,forward,black,D,MD,VW,Kombi,false,true,false,false,
241,2023-12-02,15:45,3,17,backward,white,D,B,VW,Kombi,false,false,false,false,
242,2023-12-02,15:45,3,18,backward,yellow,D,B,Peugeot,Kleinwagen,false,false,false,true,
243,2023-12-02,15:45,3,19,backward,white,D,OH,Toyota,SUV,false,true,false,false,
244,2023-12-02,15:45,3,21,forward,black,D,M,Skoda,Kombi,false,false,false,true,
245,2023-12-02,15:45,3,22,forward,beige,D,B,Toyota,Limo,false,false,false,true,Taxi
246,2023-12-02,15:45,3,23,forward,black,D,SWA,Opel,Kleinwagen,false,false,false,false,
247,2023-12-02,15:45,3,24,backward,blue,D,ERZ,Hyundai,Kleinwagen,false,false,false,false,
248,2023-12-02,15:45,3,25,backward,green,PL,,Audi,Limo,false,false,false,false,
249,2023-12-02,15:45,3,26,backward,red,D,B,VW,Kleinwagen,false,false,false,true,
250,2023-12-02,16:00,2,2,backward,red,D,B,Mercedes,Limo,false,false,false,true,
251,2023-12-02,16:00,2,3,forward,silver,DK,,Toyota,Kleinwagen,false,false,true,false,
252,2023-12-02,16:00,2,5,forward,black,D,L,BMW,Kombi,false,false,false,false,
253,2023-12-02,16:00,2,6,backward,silver,D,B,Mercedes,Limo,false,false,true,true,
254,2023-12-02,16:00,2,8,backward,black,D,LG,Audi,Kombi,false,false,true,true,
255,2023-12-02,16:00,2,14,forward,white,D,FR,Skoda,Kombi,false,false,true,true,
256,2023-12-02,16:00,2,16,backward,blue,D,F,Audi,Limo,false,true,false,true,
257,2023-12-02,16:00,2,18,backward,blue,D,EU,Nissan,SUV,false,false,true,true,
258,2023-12-02,16:00,2,20,backward,black,D,BK,Audi,Kombi,false,false,true,true,
259,2023-12-02,16:00,2,21,forward,red,D,P,Mercedes,Kombi,false,false,false,false,
260,2023-12-02,16:00,2,22,backward,white,UA,,BMW,SUV,false,true,true,false,
261,2023-12-02,16:00,2,24,backward,silver,D,BAR,Audi,Kleinwagen,false,true,true,false,
262,2023-12-02,16:00,2,25,backward,black,D,L,Renault,Kleinwagen,false,true,false,false,
263,2023-12-02,16:00,2,28,backward,black,D,B,Nissan,Kleinwagen,false,false,false,false,
264,2023-12-02,16:00,2,29,forward,blue,D,B,Suzuki,Kleinwagen,false,true,false,false,
265,2023-11-27,16:20,6,3,forward,silver,D,B,VW,Kombi,false,true,false,false,
266,2023-11-27,16:20,6,6,forward,silver,D,B,Mercedes,Kombi,false,false,true,false,
267,2023-11-27,16:20,6,20,forward,black,D,MKK,BMW,Kombi,false,true,true,false,
268,2023-11-27,16:20,6,24,forward,silver,D,DD,Audi,Kombi,false,false,false,false,
269,2023-11-27,16:20,6,25,backward,white,D,B,VW,Transporter,false,true,true,false,
270,2023-11-27,16:20,6,27,forward,black,D,B,VW,Kleinwagen,false,false,false,false,
271,2023-11-27,16:20,6,29,backward,grey,D,BAR,Dacia,Kombi,false,false,true,false,
272,2023-11-27,16:20,6,30,backward,black,D,B,Volvo,SUV,false,true,false,false,
273,2023-11-27,16:20,6,31,backward,grey,D,TF,Opel,Kleinwagen,false,false,false,false,
274,2023-11-27,16:20,6,37,backward,white,D,B,Mercedes,Kombi,false,false,false,false,
275,2023-11-27,16:20,6,38,backward,white,D,B,VW,Kombi,false,false,false,false,Seitenspiegel eingeklappt
276,2023-12-14,10:50,4,33,backward,black,D,B,Mercedes,Limo,false,false,false,false,
277,2023-12-14,10:50,4,34,backward,black,D,B,BMW,Limo,false,false,true,true,
278,2023-12-14,10:50,4,35,backward,blue,D,B,Mercedes,SUV,false,false,true,true,
279,2023-12-14,10:50,4,37,forward,white,D,M,Audi,SUV,true,false,false,true,
280,2023-12-14,10:50,4,39,backward,red,D,B,Mitsubishi,Kleinwagen,false,false,false,false,
281,2023-12-14,10:50,4,31,backward,black,D,B,Dacia,Van,false,false,false,false,
282,2023-12-14,10:50,4,30,forward,grey,D,B,Audi,Kleinwagen,false,false,false,true,
283,2023-12-14,10:50,4,29,backward,grey,D,B,Skoda,Kleinwagen,false,true,false,false,
284,2023-12-14,10:50,4,28,backward,white,D,B,VW,Kleinwagen,false,false,false,true,
285,2023-12-14,10:50,4,1,backward,silver,D,B,Toyota,Van,false,false,false,true,
286,2023-12-14,10:50,4,3,backward,black,D,B,Volvo,SUV,false,false,false,false,
287,2023-12-14,10:50,4,5,forward,black,D,HH,BMW,Limo,false,false,false,true,
288,2023-12-14,10:50,4,27,backward,black,D,B,Mercedes,Limo,false,false,false,false,
289,2023-12-14,10:50,4,26,backward,black,D,WB,Ford,SUV,false,false,false,true,
290,2023-12-14,10:50,4,25,backward,silver,D,B,VW,Kombi,false,false,false,false,
291,2023-12-14,10:50,4,6,backward,black,D,B,VW,SUV,false,false,true,true,
292,2023-12-14,10:50,4,8,forward,black,D,B,Audi,SUV,false,false,false,true,
293,2023-12-14,10:50,4,24,backward,blue,D,B,Ford,Kleinwagen,false,false,true,false,
294,2023-12-14,10:50,4,22,backward,grey,D,OL,Mazda,Kleinwagen,false,false,false,false,
295,2023-12-14,10:50,4,21,forward,blue,D,S,Skoda,Kleinwagen,false,false,true,false,
296,2023-12-14,10:50,4,19,backward,black,D,B,Mercedes,SUV,true,false,true,true,
297,2023-12-14,10:50,4,18,backward,white,D,B,Mercedes,SUV,false,false,true,true,
298,2023-12-14,10:50,4,16,forward,white,D,UM,Skoda,Kleinwagen,false,false,false,false,
299,2023-12-14,10:50,4,9,backward,white,D,B,Opel,Transporter,false,false,false,false,
300,2023-12-14,10:50,4,10,forward,black,D,B,Tesla,Limo,true,true,false,true,
301,2023-12-14,10:50,4,12,backward,silver,D,DD,Audi,SUV,true,true,false,true,
302,2023-12-14,10:50,4,15,backward,black,D,B,BMW,Limo,false,true,false,false,
303,2023-12-14,10:50,4,13,forward,blue,D,B,VW,Kleinwagen,false,false,false,true,
304,2023-12-15,10:20,2,30,forward,black,D,B,BMW,Kombi,false,false,false,true,
305,2023-12-15,10:20,2,29,forward,white,D,B,Mercedes,Kleinwagen,false,false,true,false,
306,2023-12-15,10:20,2,1,backward,silver,D,B,Smart,Cityflitzer,false,false,false,false,
307,2023-12-15,10:20,2,2,backward,black,D,B,Jeep,SUV,false,false,false,true,
308,2023-12-15,10:20,2,27,backward,black,D,DD,Tesla,SUV,true,false,true,true,
309,2023-12-15,10:20,2,25,backward,red,D,WI,Kia,Kleinwagen,false,false,false,false,
310,2023-12-15,10:20,2,3,backward,silver,D,B,Hyundai,Kleinwagen,false,false,false,false,
311,2023-12-15,10:20,2,4,forward,black,D,B,Smart,Cityflitzer,false,false,false,false,
312,2023-12-15,10:20,2,5,backward,black,D,B,BMW,Limo,false,false,false,false,
313,2023-12-15,10:20,2,6,backward,white,D,B,Dacia,Kombi,false,true,false,false,
314,2023-12-15,10:20,2,8,backward,silver,D,B,Dacia,Kleinwagen,false,false,false,false,
315,2023-12-15,10:20,2,24,forward,black,D,ZI,Audi,Kombi,false,false,true,true,
316,2023-12-15,10:20,2,22,backward,white,D,BLK,Ford,Kombi,false,false,false,true,
317,2023-12-15,10:20,2,21,forward,black,D,MKK,BMW,Limo,false,false,false,false,
318,2023-12-15,10:20,2,19,backward,black,D,MKK,BMW,SUV,false,false,false,false,
319,2023-12-15,10:20,2,18,backward,black,D,PI,BMW,SUV,false,true,false,false,
320,2023-12-15,10:20,2,16,forward,silver,D,B,VW,Van,false,false,false,true,
321,2023-12-15,10:20,2,15,backward,white,D,B,Kia,SUV,false,false,true,true,
322,2023-12-15,10:20,2,13,forward,silver,DK,,Hyundai,Kleinwagen,false,false,false,false,
323,2023-12-15,10:20,2,10,backward,silver,D,B,VW,Kombi,false,true,false,false,hinter Absperrung
324,2023-12-15,10:35,3,38,forward,white,D,HH,Mercedes,Limo,false,false,false,true,
325,2023-12-15,10:35,3,37,forward,white,D,B,Tesla,SUV,true,false,false,false,
326,2023-12-15,10:35,3,36,forward,silver,D,B,VW,Kleinwagen,false,false,false,false,
327,2023-12-15,10:35,3,35,backward,black,D,B,VW,Kleinwagen,false,false,false,false,
328,2023-12-15,10:35,3,9,forward,black,D,B,Tesla,Limo,true,true,true,true,
329,2023-12-15,10:35,3,11,backward,black,CZ,,BMW,Limo,false,false,false,false,
330,2023-12-15,10:35,3,12,backward,black,D,WI,VW,Kombi,false,true,true,false,
331,2023-12-15,10:35,3,14,forward,silver,I,,Chevrolet,Kleinwagen,false,false,false,false,
332,2023-12-15,10:35,3,8,backward,black,D,B,Audi,Limo,false,false,true,true,
333,2023-12-15,10:35,3,15,forward,red,D,B,Ford,SUV,false,true,true,false,
334,2023-12-15,10:35,3,17,backward,silver,D,OPR,Mercedes,Limo,false,false,false,false,
335,2023-12-15,10:35,3,7,backward,black,D,B,Peugeot,Kleinwagen,false,false,true,false,
336,2023-12-15,10:35,3,5,backward,grey,D,N,Mercedes,SUV,true,false,false,true,
337,2023-12-15,10:35,3,4,backward,black,D,B,Smart,Cityflitzer,false,false,false,false,
338,2023-12-15,10:35,3,3,forward,blue,D,B,Mini,Cityflitzer,false,false,false,false,
339,2023-12-15,10:35,3,2,forward,blue,D,B,VW,Kombi,false,false,false,false,
340,2023-12-15,10:35,3,18,forward,silver,D,P,VW,Cityflitzer,false,false,false,false,
341,2023-12-15,10:35,3,19,backward,grey,D,B,Opel,Kleinwagen,false,true,false,false,
342,2023-12-15,10:35,3,20,backward,grey,D,LB,VW,SUV,false,false,false,true,
343,2023-12-15,10:35,3,22,backward,white,D,HAL,VW,Van,false,false,false,false,
344,2023-12-15,10:35,3,23,backward,black,D,B,Renault,SUV,false,false,false,true,
345,2023-12-15,10:35,3,24,forward,white,D,NM,VW,Limo,false,true,false,false,
346,2023-12-15,10:35,3,26,backward,black,D,B,Mercedes,SUV,false,false,false,false,
347,2023-12-15,10:35,3,28,backward,silver,D,GVM,VW,Kleinwagen,false,false,false,false,
348,2023-12-15,10:35,3,29,backward,silver,D,B,Seat,Kleinwagen,false,false,false,false,
349,2023-12-15,11:15,5,26,forward,black,D,B,Dacia,Kombi,false,false,false,false,
350,2023-12-15,11:15,5,25,forward,black,D,B,Smart,Cityflitzer,false,false,false,false,
351,2023-12-15,11:15,5,23,forward,blue,D,B,Ford,Kleinwagen,false,false,false,true,
352,2023-12-15,11:15,5,21,backward,black,D,EW,VW,SUV,false,false,true,false,
353,2023-12-15,11:15,5,31,backward,black,D,B,Renault,Cityflitzer,false,false,false,true,
354,2023-12-15,11:15,5,20,forward,silver,D,B,VW,Kleinwagen,false,true,false,false,
355,2023-12-15,11:15,5,19,forward,silver,D,B,Skoda,Kleinwagen,false,false,false,false,
356,2023-12-15,11:15,5,33,backward,white,D,B,VW,Kleinwagen,false,false,false,false,
357,2023-12-15,11:15,5,35,backward,white,D,B,VW,Transporter,false,false,false,false,
358,2023-12-15,11:15,5,18,backward,white,D,B,BMW,SUV,false,false,false,true,
359,2023-12-15,11:15,5,16,forward,blue,D,B,BMW,Van,true,true,true,false,
360,2023-12-15,11:15,5,15,backward,blue,D,P,Subaru,SUV,false,false,false,false,
361,2023-12-15,11:15,5,36,backward,silver,D,GL,VW,Transporter,false,true,true,false,
362,2023-12-15,11:15,5,38,backward,silver,D,B,Mercedes,Kombi,false,false,true,false,
363,2023-12-15,11:15,5,12,forward,black,D,B,BMW,Limo,false,false,true,true,
364,2023-12-15,11:15,5,10,forward,red,D,B,Mitsubishi,Kleinwagen,false,true,false,false,
365,2023-12-15,11:15,5,7,backward,black,D,B,Mercedes,Limo,false,false,false,false,
366,2023-12-15,11:15,5,6,backward,black,D,PA,BMW,SUV,false,false,true,true,
367,2023-12-15,11:15,5,4,backward,grey,D,PI,Audi,Kleinwagen,false,false,false,true,
368,2023-12-15,11:15,5,2,forward,blue,D,B,Opel,Kleinwagen,false,false,true,false,
369,2023-12-15,11:15,5,1,forward,black,D,B,Smart,Cityflitzer,false,false,true,false,
370,2023-12-15,11:30,6,37,backward,white,D,B,Mercedes,Limo,false,false,false,true,
371,2023-12-15,11:30,6,35,forward,black,D,B,Seat,Kleinwagen,false,false,true,false,
372,2023-12-15,11:30,6,34,forward,silver,D,B,Mercedes,SUV,false,true,true,false,
373,2023-12-15,11:30,6,33,forward,silver,D,B,Opel,Kleinwagen,false,true,false,false,
374,2023-12-15,11:30,6,31,forward,grey,D,B,BMW,Kombi,false,false,true,false,
375,2023-12-15,11:30,6,30,forward,blue,D,B,Ford,Kleinwagen,false,false,false,false,
376,2023-12-15,11:30,6,29,forward,silver,D,HH,Audi,Kleinwagen,false,false,false,false,mensch wartet im auto — akward 
377,2023-12-15,11:30,6,2,backward,black,D,UE,BMW,SUV,false,false,false,true,
378,2023-12-15,11:30,6,27,forward,brown,D,HH,Renault,Van,false,false,true,true,
379,2023-12-15,11:30,6,26,backward,white,D,B,VW,Transporter,false,false,true,false,
380,2023-12-15,11:30,6,4,backward,grey,D,B,Volvo,Kleinwagen,false,false,false,false,
381,2023-12-15,11:30,6,24,forward,blue,D,L,Skoda,Kombi,false,false,false,false,
382,2023-12-15,11:30,6,23,forward,blue,D,WND,Ford,Van,false,false,false,true,
383,2023-12-15,11:30,6,6,forward,red,UA,,Ford,SUV,false,false,false,false,
384,2023-12-15,11:30,6,8,forward,red,D,B,Mini,Cityflitzer,false,false,true,false,
385,2023-12-15,11:30,6,19,backward,blue,D,M,Mercedes,SUV,true,false,true,true,
386,2023-12-15,11:30,6,18,forward,silver,D,OHV,BMW,Kleinwagen,false,false,false,false,
387,2023-12-15,11:30,6,16,backward,grey,D,B,Mazda,SUV,false,false,false,true,
388,2023-12-15,11:30,6,9,backward,white,D,HN,BMW,Limo,false,false,false,true,
389,2023-12-15,11:40,7,,forward,black,D,B,Nissan,Kleinwagen,false,false,false,false,
390,2023-12-15,11:40,7,33,forward,blue,D,OHV,Peugeot,SUV,false,false,false,true,
391,2023-12-15,11:40,7,17,forward,silver,D,B,Skoda,Limo,false,true,true,true,
392,2023-12-15,11:40,7,24,backward,red,D,OHV,Toyota,Kleinwagen,false,false,true,false,
393,2023-12-15,11:45,8,26,backward,blue,D,MZ,BMW,SUV,false,true,true,true,
394,2023-12-15,11:45,9,38,backward,silver,D,MS,Land Rover,SUV,false,false,false,false,
395,2023-12-15,11:45,9,15,backward,black,D,B,Jaguar,Limo,false,false,false,false,
396,2023-12-15,11:45,9,36,forward,grey,D,B,Opel,Kleinwagen,false,true,false,false,
397,2023-12-15,11:45,10,31,forward,black,D,B,Porsche,SUV,false,false,false,false,
398,2023-12-15,11:45,10,30,forward,white,D,KS,VW,Kleinwagen,false,false,false,false,
399,2023-12-15,11:50,12,36,backward,red,D,PM,Toyota,Cityflitzer,false,false,false,false,
400,2024-01-18,10:30,2,30,forward,black,D,OHV,BMW,Kombi,false,false,false,true,
401,2024-01-18,10:30,2,28,backward,silver,D,B,Mercedes,Van,false,false,false,false,
402,2024-01-18,10:30,2,1,backward,black,D,B,Audi,Limo,false,false,true,true,
403,2024-01-18,10:30,2,27,backward,black,D,M,Skoda,Limo,false,false,false,true,
404,2024-01-18,10:30,2,25,backward,white,D,B,BMW,Van,false,false,true,false,
405,2024-01-18,10:30,2,3,backward,black,D,DE,BMW,Limo,false,false,true,false,
406,2024-01-18,10:30,2,5,backward,black,D,BAR,Dacia,Van,false,true,false,false,
407,2024-01-18,10:30,2,4,backward,blue,D,B,VW,SUV,false,true,true,true,
408,2024-01-18,10:30,2,8,backward,white,D,HZ,Skoda,SUV,false,false,true,true,
409,2024-01-18,10:30,2,24,backward,white,D,B,BMW,SUV,true,false,true,true,
410,2024-01-18,10:30,2,22,backward,blue,D,M,VW,Kombi,false,false,false,false,
411,2024-01-18,10:30,2,20,backward,black,D,MKK,BMW,Limo,false,true,true,true,
412,2024-01-18,10:30,2,19,backward,white,D,KI,Dacia,Van,false,false,true,false,
413,2024-01-18,10:30,2,18,forward,red,D,OHV,VW,Transporter,false,true,true,false,
414,2024-01-18,10:30,2,16,backward,white,D,B,Mazda,Kleinwagen,false,false,true,true,
415,2024-01-18,10:30,2,15,backward,grey,D,PI,BMW,Limo,false,true,true,true,
416,2024-01-18,10:30,2,13,forward,silver,D,B,Mercedes,SUV,false,false,false,true,
417,2024-01-18,10:40,3,39,forward,white,D,HH,Mercedes,Limo,false,true,false,true,
418,2024-01-18,10:40,3,38,forward,grey,D,B,VW,Transporter,false,false,false,true,
419,2024-01-18,10:40,3,37,backward,white,D,B,Mercedes,SUV,false,false,true,true,
420,2024-01-18,10:40,3,36,backward,black,D,F,Mini,Kleinwagen,false,false,false,false,
421,2024-01-18,10:40,3,10,backward,silver,D,B,Skoda,Kleinwagen,false,false,true,false,
422,2024-01-18,10:40,3,11,backward,black,D,MS,Ford,Limo,false,false,false,true,
423,2024-01-18,10:40,3,12,forward,silver,D,B,VW,Kleinwagen,false,false,false,false,
424,2024-01-18,10:40,3,13,forward,blue,D,HVL,Fiat,Cityflitzer,false,false,false,false,
425,2024-01-18,10:40,3,14,forward,blue,D,UM,Renault,Kleinwagen,false,false,false,false,
426,2024-01-18,10:40,3,15,forward,white,D,B,Seat,Kleinwagen,false,false,false,false,
427,2024-01-18,10:40,3,17,backward,white,D,WI,VW,SUV,false,false,false,false,
428,2024-01-18,10:40,3,8,backward,grey,D,OHV,VW,Kleinwagen,false,false,false,true,
429,2024-01-18,10:40,3,6,forward,blue,D,UM,Opel,Kleinwagen,false,false,false,false,
430,2024-01-18,10:40,3,18,forward,silver,PL,,Fiat,SUV,false,false,false,true,
431,2024-01-18,10:40,3,19,backward,blue,D,B,Seat,Kleinwagen,false,false,false,false,
432,2024-01-18,10:40,3,20,backward,white,D,HAL,VW,Transporter,false,false,false,false,
433,2024-01-18,10:40,3,5,forward,grey,I,,Fiat,Kleinwagen,false,false,true,false,
434,2024-01-18,10:40,3,3,backward,silver,D,UM,VW,Kleinwagen,false,false,false,false,
435,2024-01-18,10:40,3,1,backward,black,CZ,,Skoda,Kleinwagen,false,false,false,true,
436,2024-01-18,10:40,3,21,backward,white,D,MA,VW,Van,false,false,false,true,
437,2024-01-18,10:40,3,22,backward,black,D,UM,Dacia,Van,false,false,false,true,
438,2024-01-18,10:40,3,24,backward,silver,D,B,Skoda,Kleinwagen,false,false,false,true,
439,2024-01-18,10:40,3,26,backward,black,D,B,Dacia,SUV,false,false,true,false,
440,2024-01-18,10:40,3,27,forward,black,D,B,Smart,Cityflitzer,false,false,false,false,
441,2024-01-18,10:40,3,28,backward,blue,D,B,Skoda,Kleinwagen,false,true,false,false,
442,2024-01-18,10:40,3,29,forward,silver,D,WZ,Audi,Kleinwagen,false,false,false,true,
443,2024-01-18,10:55,4,39,forward,black,D,B,Mercedes,Limo,false,false,false,true,
444,2024-01-18,10:55,4,38,backward,silver,D,B,BMW,Limo,false,false,false,true,
445,2024-01-18,10:55,4,37,backward,silver,D,B,Mini,Kleinwagen,false,false,false,true,
446,2024-01-18,10:55,4,36,forward,black,D,HB,Audi,Kleinwagen,false,true,true,true,
447,2024-01-18,10:55,4,34,backward,black,D,IN,Audi,Limo,false,false,false,true,
448,2024-01-18,10:55,4,33,backward,white,D,HAL,Mercedes,Transporter,false,false,false,false,
449,2024-01-18,10:55,4,32,backward,black,D,L,VW,Kleinwagen,false,false,false,false,
450,2024-01-18,10:55,4,31,backward,grey,D,B,Skoda,SUV,false,false,false,true,
451,2024-01-18,10:55,4,30,forward,silver,D,MOL,VW,Kombi,false,true,false,false,
452,2024-01-18,10:55,4,29,forward,white,D,B,Peugeot,Van,false,true,true,false,
453,2024-01-18,10:55,4,1,backward,silver,D,B,Toyota,Kombi,false,false,false,false,
454,2024-01-18,10:55,4,2,backward,silver,D,B,Skoda,Kleinwagen,false,false,false,false,
455,2024-01-18,10:55,4,3,backward,black,D,OHV,Jeep,SUV,false,false,true,false,
456,2024-01-18,10:55,4,5,forward,black,D,B,Mercedes,Limo,false,false,false,false,
457,2024-01-18,10:55,4,27,backward,black,D,B,Mercedes,Limo,false,false,false,false,
458,2024-01-18,10:55,4,26,forward,black,D,CLP,Mercedes,SUV,false,false,false,true,
459,2024-01-18,10:55,4,25,backward,black,D,B,Mercedes,Limo,false,false,false,true,
460,2024-01-18,10:55,4,6,backward,white,D,B,VW,Transporter,false,false,true,false,
461,2024-01-18,10:55,4,8,forward,black,D,B,Audi,SUV,false,false,false,true,
462,2024-01-18,10:55,4,24,forward,black,D,HAL,VW,Kleinwagen,false,false,false,true,
463,2024-01-18,10:55,4,23,forward,blue,D,B,Mercedes,Kombi,false,false,false,true,
464,2024-01-18,10:55,4,22,backward,blue,D,B,Hyundai,Kombi,false,false,false,true,
465,2024-01-18,10:55,4,21,backward,black,D,B,VW,Kleinwagen,false,false,false,true,
466,2024-01-18,10:55,4,19,backward,grey,D,KB,BMW,Limo,false,false,false,true,
467,2024-01-18,10:55,4,18,backward,black,D,B,Volvo,Kombi,false,false,false,false,
468,2024-01-18,10:55,4,16,backward,black,D,B,VW,Kombi,false,false,false,true,
469,2024-01-18,10:55,4,9,backward,white,D,B,Opel,Transporter,false,false,false,false,
470,2024-01-18,10:55,4,15,forward,silver,D,B,Mercedes,Kleinwagen,false,true,false,false,
471,2024-01-18,10:55,4,13,forward,blue,D,B,VW,Kleinwagen,false,false,false,true,
472,2024-01-18,10:55,4,12,backward,red,PL,,Mazda,SUV,false,false,false,true,
473,2024-01-18,10:55,4,10,backward,white,D,B,Tesla,Limo,true,true,false,true,
474,2024-01-18,11:15,5,4,forward,black,D,B,Mazda,Kleinwagen,false,false,true,false,
475,2024-01-18,11:15,5,6,forward,black,D,OHV,Nissan,Kleinwagen,false,false,false,false,
476,2024-01-18,11:15,5,3,backward,black,D,B,Skoda,Kleinwagen,false,false,false,false,
477,2024-01-18,11:15,5,1,forward,black,D,W,BMW,SUV,false,false,false,false,
478,2024-01-18,11:15,5,7,backward,white,D,MS,Dacia,Kleinwagen,false,false,false,false,
479,2024-01-18,11:15,5,9,backward,black,D,B,Mercedes,SUV,true,false,false,true,
480,2024-01-18,11:15,5,10,forward,white,D,MOL,Audi,Kleinwagen,false,true,false,true,
481,2024-01-18,11:15,5,12,forward,red,D,MOL,Mazda,Kleinwagen,false,false,true,false,
482,2024-01-18,11:15,5,13,backward,black,D,KI,BMW,SUV,false,false,false,true,
483,2024-01-18,11:15,5,15,backward,grey,D,B,Hyundai,Kleinwagen,false,false,false,true,
484,2024-01-18,11:15,5,38,backward,red,D,OHV,Toyota,Van,false,false,true,true,
485,2024-01-18,11:15,5,36,backward,silver,D,B,Dacia,Van,false,false,false,true,
486,2024-01-18,11:15,5,16,backward,black,D,B,Nissan,Kleinwagen,false,false,false,false,
487,2024-01-18,11:15,5,18,backward,white,D,B,Opel,Transporter,false,false,true,true,
488,2024-01-18,11:15,5,35,backward,black,D,B,VW,Kleinwagen,false,false,false,false,
489,2024-01-18,11:15,5,34,backward,red,D,B,Opel,Kleinwagen,false,true,false,false,
490,2024-01-18,11:15,5,32,backward,white,D,UM,Tesla,SUV,true,false,false,true,
491,2024-01-18,11:15,5,31,backward,black,D,B,Dacia,Kleinwagen,false,false,false,true,
492,2024-01-18,11:15,5,20,forward,silver,D,B,VW,Kleinwagen,false,false,false,false,
493,2024-01-18,11:15,5,21,backward,black,D,EW,VW,SUV,false,false,true,false,
494,2024-01-18,11:15,5,24,backward,black,D,B,Opel,Limo,true,false,true,true,
495,2024-01-18,11:15,5,25,forward,black,D,B,Smart,Cityflitzer,false,false,false,false,
496,2024-01-18,11:15,5,26,forward,black,D,B,Smart,Cityflitzer,false,false,false,false,
497,2024-01-18,11:15,5,27,backward,black,D,B,BMW,Limo,false,false,false,true,
498,2024-01-18,11:25,6,38,backward,orange,D,BAR,Audi,SUV,false,false,false,true,
499,2024-01-18,11:25,6,36,backward,black,D,B,Skoda,Kleinwagen,false,false,false,true,
500,2024-01-18,11:25,6,34,backward,blue,D,NB,BMW,Limo,false,false,false,true,
501,2024-01-18,11:25,6,33,backward,silver,D,B,Mitsubishi,SUV,false,false,true,true,
502,2024-01-18,11:25,6,31,backward,black,D,TF,Opel,Kleinwagen,false,false,false,false,
503,2024-01-18,11:25,6,30,forward,silver,D,B,Opel,Kleinwagen,false,false,false,false,
504,2024-01-18,11:25,6,29,forward,black,D,B,Cupra,Kleinwagen,true,false,true,true,
505,2024-01-18,11:25,6,1,backward,silver,D,B,Honda,Van,false,false,false,true,
506,2024-01-18,11:25,6,3,forward,silver,D,B,Jaguar,Limo,false,false,true,false,
507,2024-01-18,11:25,6,27,forward,black,D,MZ,Skoda,SUV,false,false,false,true,
508,2024-01-18,11:25,6,26,forward,blue,D,HH,VW,Kleinwagen,false,false,false,false,
509,2024-01-18,11:25,6,5,backward,blue,D,B,Mercedes,Limo,false,true,false,false,
510,2024-01-18,11:25,6,6,forward,grey,D,HGW,BMW,Limo,false,false,false,true,
511,2024-01-18,11:25,6,7,backward,black,D,B,Hyundai,SUV,false,false,false,true,
512,2024-01-18,11:25,6,23,backward,white,D,B,VW,Transporter,false,false,false,false,
513,2024-01-18,11:25,6,21,forward,grey,D,B,Nissan,SUV,false,false,false,true,
514,2024-01-18,11:25,6,20,forward,white,D,K,Audi,Limo,false,true,true,false,
515,2024-01-18,11:25,6,18,backward,silver,D,B,Mercedes,Van,false,false,false,false,
516,2024-01-18,11:25,6,17,forward,white,PL,,Hyundai,Kombi,false,true,true,false,
517,2024-01-18,11:25,6,15,forward,black,D,BN,BMW,Kombi,false,false,false,true,
518,2024-01-18,11:25,6,14,,blue,D,B,Suzuki,Transporter,false,false,false,false,
519,2024-01-18,11:25,6,10,backward,grey,D,KI,BMW,Limo,false,false,false,false,
520,2024-01-18,11:25,6,9,backward,black,D,B,Range Rover,SUV,false,false,false,false,
521,2024-01-18,11:40,7,17,forward,silver,D,B,Skoda,Kleinwagen,false,false,false,true,
522,2024-01-18,11:40,7,35,forward,black,D,B,Renault,Kleinwagen,false,false,true,true,
523,2024-01-18,11:40,7,31,forward,grey,D,B,VW,Kleinwagen,false,true,true,false,
524,2024-01-18,11:40,7,19,forward,black,D,MKK,BMW,Kleinwagen,false,true,false,true,
525,2024-01-18,11:40,7,21,backward,black,D,B,BMW,Limo,false,true,true,true,
526,2024-01-18,11:40,7,23,forward,blue,D,B,Ford,Kleinwagen,false,true,false,true,
527,2024-01-18,11:40,7,25,forward,silver,D,B,Skoda,Kleinwagen,false,false,false,false,
528,2024-01-18,11:40,7,27,backward,blue,D,B,Toyota,Van,false,true,false,false,
529,2024-01-18,11:40,7,30,backward,silver,D,B,Dacia,Kleinwagen,false,false,false,false,
530,2024-01-18,11:45,8,35,forward,silver,D,B,Mercedes,SUV,false,false,false,false,
531,2024-01-18,11:50,9,15,backward,black,D,B,Jaguar,Limo,false,false,false,false,
532,2024-01-18,11:50,9,38,backward,grey,D,MS,Jeep,SUV,false,false,false,false,
533,2024-01-18,11:50,9,36,forward,grey,D,B,Opel,Kleinwagen,false,true,false,false,
534,2024-01-18,11:50,9,25,forward,red,D,B,Mini,Kleinwagen,false,false,false,false,
535,2024-01-18,11:50,10,31,forward,grey,D,B,Porsche,SUV,false,false,false,false,
536,2024-01-18,11:50,10,30,forward,white,D,KS,VW,Kleinwagen,false,false,false,false,
537,2024-01-18,11:50,10,27,forward,white,D,B,Mercedes,Transporter,false,false,false,false,
538,2024-01-18,11:50,11,,forward,black,D,B,Mercedes,Kleinwagen,false,false,false,false,
539,2024-01-18,11:55,12,33,backward,black,D,B,VW,Kleinwagen,false,false,false,false,
540,2024-01-18,11:55,12,36,backward,red,D,PM,Toyota,Kleinwagen,false,false,false,false,
541,2024-01-20,12:05,11,2,forward,silver,D,B,Ford,Kombi,false,false,false,true,
542,2024-01-27,13:25,2,1,backward,grey,D,WI,VW,SUV,false,false,false,false,
543,2024-01-27,13:25,2,2,backward,blue,D,COE,Dacia,Kleinwagen,false,false,false,false,
544,2024-01-27,13:25,2,3,backward,black,D,BTF,Hyundai,SUV,false,false,true,true,
545,2024-01-27,13:25,2,5,backward,silver,D,HAL,VW,Kleinwagen,false,false,true,false,
546,2024-01-27,13:25,2,6,forward,silver,D,WR,Audi,SUV,true,false,true,true,
547,2024-01-27,13:25,2,8,forward,grey,D,OD,BMW,Kombi,false,true,false,true,
548,2024-01-27,13:25,2,13,forward,silver,D,TÖL,BMW,SUV,false,false,false,true,
549,2024-01-27,13:25,2,15,forward,black,D,RE,Audi,Kombi,false,false,true,false,
550,2024-01-27,13:25,2,16,forward,black,D,DI,Hyundai,Kleinwagen,false,false,false,true,
551,2024-01-27,13:25,2,18,forward,grey,D,B,Renault,Kleinwagen,false,false,false,true,
552,2024-01-27,13:25,2,19,forward,white,D,OSL,Renault,SUV,false,false,true,true,
553,2024-01-27,13:25,2,20,backward,black,D,DA,Audi,Kombi,false,false,true,false,
554,2024-01-27,13:25,2,23,forward,black,D,WE,Renault,Kleinwagen,false,false,false,true,
555,2024-01-27,13:25,2,24,forward,blue,D,CA,Citroën,SUV,false,false,false,true,
556,2024-01-27,13:25,2,25,forward,blue,D,K,VW,Kombi,false,false,true,false,
557,2024-01-27,13:25,2,27,backward,red,D,TF,Renault,Kleinwagen,false,true,false,false,
558,2024-01-27,13:25,2,28,backward,white,D,B,Mercedes,Transporter,false,true,false,false,
559,2024-01-27,13:25,2,30,forward,black,D,M,VW,Kleinwagen,false,false,true,false,
560,2024-01-27,13:40,3,,backward,black,D,HG,VW,Kombi,false,true,false,true,
561,2024-01-27,13:40,3,2,backward,black,D,B,VW,Kombi,false,false,false,false,
562,2024-01-27,13:40,3,3,backward,white,D,UL,Tesla,Limo,true,false,false,true,
563,2024-01-27,13:40,3,5,forward,blue,D,N,Ford,Kleinwagen,false,true,false,true,
564,2024-01-27,13:40,3,6,backward,red,D,UM,Hyundai,Kombi,false,false,true,false,
565,2024-01-27,13:40,3,8,forward,blue,PL,,Skoda,Kleinwagen,false,false,false,false,
566,2024-01-27,13:40,3,10,backward,white,PL,,Lexus,SUV,true,false,true,false,
567,2024-01-27,13:40,3,11,backward,grey,D,BBG,Fiat,Kleinwagen,false,true,true,false,
568,2024-01-27,13:40,3,12,forward,black,D,NDH,Ford,Kombi,false,false,true,false,
569,2024-01-27,13:40,3,15,forward,silver,D,B,Mercedes,Kombi,false,false,false,false,
570,2024-01-27,13:40,3,17,backward,blue,D,LDS,VW,Kleinwagen,false,false,false,false,
571,2024-01-27,13:40,3,18,backward,white,D,B,Skoda,Kombi,true,false,false,true,
572,2024-01-27,13:40,3,20,backward,white,D,HAL,VW,Transporter,false,false,false,false,
573,2024-01-27,13:40,3,21,backward,blue,D,H,Mercedes,SUV,true,false,false,false,
574,2024-01-27,13:40,3,22,backward,white,D,AN,Audi,Limo,false,false,false,false,
575,2024-01-27,13:40,3,23,forward,black,D,KI,Mercedes,Limo,false,false,false,true,
576,2024-01-27,13:40,3,25,forward,blue,D,MSP,Ford,Kleinwagen,false,true,false,true,
577,2024-01-27,13:40,3,26,forward,silver,D,OHV,Skoda,Limo,false,true,false,true,
578,2024-01-27,13:40,3,27,forward,black,D,B,Mazda,Kleinwagen,false,false,false,true,
579,2024-01-27,13:40,3,28,backward,red,D,IN,VW,Van,false,false,false,true,
580,2024-01-27,13:40,3,29,backward,silver,I,,Fiat,Cityflitzer,false,false,false,false,
581,2024-01-27,13:55,4,1,forward,grey,D,GÖ,VW,Kombi,false,false,false,false,
582,2024-01-27,13:55,4,2,forward,silver,D,SC,VW,Van,false,false,false,true,
583,2024-01-27,13:55,4,3,backward,grey,D,B,Hyundai,Kleinwagen,false,false,false,false,
584,2024-01-27,13:55,4,4,backward,blue,D,CUX,Skoda,Kleinwagen,false,false,false,false,
585,2024-01-27,13:55,4,5,backward,grey,D,HI,Seat,Kleinwagen,false,false,false,false,
586,2024-01-27,13:55,4,9,forward,black,D,ANK,Mitsubishi,SUV,false,true,false,true,
587,2024-01-27,13:55,4,10,backward,grey,D,UH,Skoda,SUV,false,false,false,true,
588,2024-01-27,13:55,4,11,forward,black,D,WIZ,Kia,Limo,false,false,false,true,
589,2024-01-27,13:55,4,13,forward,blue,D,B,VW,Kleinwagen,false,false,false,true,
590,2024-01-27,13:55,4,15,backward,grey,D,DE,Opel,SUV,false,false,false,true,
591,2024-01-27,13:55,4,16,backward,black,D,HF,BMW,Kombi,false,false,false,true,
592,2024-01-27,13:55,4,18,forward,white,D,M,Mercedes,Kombi,false,true,false,true,
593,2024-01-27,13:55,4,20,backward,blue,D,HH,VW,SUV,false,false,false,false,
594,2024-01-27,13:55,4,21,backward,white,D,B,Ford,Kleinwagen,false,false,false,false,
595,2024-01-27,13:55,4,22,forward,white,D,MK,Seat,Kleinwagen,true,false,false,true,
596,2024-01-27,13:55,4,23,backward,grey,D,VER,Tesla,SUV,true,false,false,true,
597,2024-01-27,13:55,4,24,forward,beige,D,B,Toyota,Limo,false,false,false,false,Taxi
598,2024-01-27,13:55,4,25,backward,black,D,UL,Audi,SUV,false,false,false,true,
599,2024-01-27,13:55,4,27,backward,black,D,EU,VW,Kleinwagen,false,false,true,false,
600,2024-01-27,13:55,4,29,forward,black,D,HVL,VW,Kleinwagen,false,false,false,false,
601,2024-01-27,13:55,4,30,forward,black,D,WI,VW,Kombi,false,false,false,true,
602,2024-01-27,13:55,4,31,backward,silver,D,LDS,Opel,Kleinwagen,false,false,false,false,
603,2024-01-27,13:55,4,33,backward,white,D,B,Seat,Kleinwagen,false,false,false,false,
604,2024-01-27,13:55,4,34,backward,silver,D,BB,Mercedes,SUV,false,false,true,true,
605,2024-01-27,13:55,4,36,backward,white,D,FR,Audi,Limo,false,false,true,true,
606,2024-01-27,13:55,4,37,forward,black,D,VR,Audi,Limo,false,false,false,false,
607,2024-01-27,13:55,4,38,forward,white,D,HH,Mercedes,Kombi,false,false,true,true,
608,2024-01-27,14:10,5,26,forward,black,D,B,Suzuki,Kleinwagen,false,false,true,false,
609,2024-01-27,14:10,5,25,forward,black,D,B,Smart,Cityflitzer,false,false,false,false,
610,2024-01-27,14:10,5,24,backward,silver,D,B,Seat,Kleinwagen,false,false,false,false,
611,2024-01-27,14:10,5,23,backward,silver,D,WW,BMW,Limo,false,false,false,true,ein seitenspiegel eingeklappt 
612,2024-01-27,14:10,5,22,backward,white,D,DD,VW,Kleinwagen,false,false,false,true,
613,2024-01-27,14:10,5,21,backward,black,D,NB,Opel,Kleinwagen,false,false,false,false,
614,2024-01-27,14:10,5,31,backward,black,D,B,Seat,Kleinwagen,false,false,false,true,ein seitspiegel eingeklappt 
615,2024-01-27,14:10,5,32,backward,black,D,MD,Toyota,SUV,false,true,false,true,
616,2024-01-27,14:10,5,20,forward,silver,D,B,VW,Kleinwagen,false,true,false,false,
617,2024-01-27,14:10,5,19,forward,grey,D,P,Seat,Kleinwagen,false,false,false,false,
618,2024-01-27,14:10,5,18,backward,white,D,B,Audi,SUV,false,false,false,false,
619,2024-01-27,14:10,5,17,forward,black,D,HH,Opel,Kombi,false,false,false,false,
620,2024-01-27,14:10,5,16,forward,black,D,HVL,BMW,Kleinwagen,false,false,false,false,
621,2024-01-27,14:10,5,15,backward,black,D,D,Audi,SUV,false,false,false,true,
622,2024-01-27,14:10,5,14,backward,blue,PL,,Toyota,Kleinwagen,false,false,false,false,
623,2024-01-27,14:10,5,13,forward,silver,D,KI,VW,Kleinwagen,false,false,false,false,
624,2024-01-27,14:10,5,12,forward,silver,D,DD,Skoda,SUV,false,false,false,true,
625,2024-01-27,14:10,5,10,backward,blue,D,B,BMW,Kombi,false,false,false,false,
626,2024-01-27,14:10,5,9,backward,black,D,DD,Audi,Kleinwagen,false,false,false,false,
627,2024-01-27,14:10,5,7,forward,red,D,B,Renault,Van,false,true,false,false,
628,2024-01-27,14:10,5,6,forward,white,D,RA,Renault,Kombi,false,true,true,false,
629,2024-01-27,14:10,5,4,backward,black,D,PI,BMW,Kombi,false,true,true,true,
630,2024-01-27,14:10,5,2,forward,blue,D,L,BMW,Kleinwagen,false,false,false,true,
631,2024-01-27,14:10,5,1,forward,red,D,B,Mercedes,SUV,false,false,false,true,
632,2024-01-27,14:10,5,37,backward,black,D,STD,Seat,SUV,false,false,true,true,
633,2024-01-27,14:10,5,36,forward,black,D,HGW,VW,Kombi,false,false,true,false,
634,2024-01-27,14:10,5,35,backward,black,D,B,VW,Kleinwagen,false,false,false,false,
635,2024-01-27,14:10,5,34,backward,red,D,B,Opel,Van,false,true,false,true,
636,2024-01-27,14:10,5,33,forward,black,D,P,Mercedes,SUV,false,true,false,true,
637,2024-01-27,13:55,6,9,backward,blue,D,M,Mercedes,Limo,true,false,false,true,
638,2024-01-27,13:55,6,10,backward,black,D,B,BMW,SUV,false,false,false,false,
639,2024-01-27,13:55,6,13,backward,black,D,IN,VW,Van,false,false,false,true,
640,2024-01-27,13:55,6,14,backward,black,D,NF,VW,Kleinwagen,false,false,false,false,
641,2024-01-27,13:55,6,15,backward,black,D,AC,Mercedes,Kombi,false,true,false,false,
642,2024-01-27,13:55,6,16,backward,blue,D,B,Mercedes,SUV,false,false,false,true,
643,2024-01-27,13:55,6,18,backward,silver,D,CB,Nissan,SUV,false,false,false,false,
644,2024-01-27,13:55,6,19,forward,white,D,B,Skoda,Kleinwagen,false,false,false,false,
645,2024-01-27,13:55,6,21,backward,blue,D,B,Nissan,SUV,false,false,true,true,
646,2024-01-27,13:55,6,22,backward,red,D,B,Skoda,Kleinwagen,false,false,true,true,
647,2024-01-27,13:55,6,8,backward,silver,D,ABI,Mini,Cityflitzer,false,false,false,false,
648,2024-01-27,13:55,6,6,forward,black,D,EU,VW,Kombi,false,false,true,true,
649,2024-01-27,13:55,6,24,backward,blue,D,L,Seat,Kleinwagen,false,false,false,false,
650,2024-01-27,13:55,6,5,backward,black,D,B,BMW,Kleinwagen,false,false,false,true,
651,2024-01-27,13:55,6,3,backward,grey,D,LIP,Skoda,Kleinwagen,false,false,false,false,
652,2024-01-27,13:55,6,26,backward,white,D,EA,Alfa Romeo,Limo,false,false,false,true,
653,2024-01-27,13:55,6,27,backward,grey,D,S,Infinity,Limo,false,false,false,true,
654,2024-01-27,13:55,6,28,backward,grey,NL,,Volvo,SUV,false,false,false,true,
655,2024-01-27,13:55,6,30,forward,black,D,HH,Dacia,SUV,false,false,false,false,
656,2024-01-27,13:55,6,1,backward,grey,D,B,Toyota,Van,false,false,false,false,
657,2024-01-27,13:55,6,29,forward,silver,D,B,Mercedes,Limo,false,false,false,false,
658,2024-01-27,13:55,6,4,backward,white,NL,,Seat,SUV,false,false,false,true,
659,2024-01-27,13:55,6,31,forward,white,D,SB,BMW,Kleinwagen,false,false,false,true,
660,2024-01-27,13:55,6,33,backward,white,D,B,VW,Transporter,false,false,true,true,
661,2024-01-27,13:55,6,34,backward,red,D,PM,Mercedes,SUV,false,true,true,true,
662,2024-01-27,13:55,6,36,forward,black,D,OAL,VW,Kleinwagen,false,false,false,true,
663,2024-01-27,13:55,6,37,forward,black,D,KB,Mercedes,Kleinwagen,false,false,false,false,
664,2024-01-27,13:55,6,39,forward,grey,D,HAL,VW,Kombi,false,false,false,false,
665,2024-01-27,13:45,7,27,backward,black,D,BLK,BMW,Limo,false,false,false,false,
666,2024-01-27,13:45,7,25,backward,black,D,BS,Mercedes,Limo,true,false,false,true,
667,2024-01-27,13:45,7,24,forward,grey,PL,,VW,Kombi,true,true,false,false,
668,2024-01-27,13:45,7,22,backward,grey,D,HZ,Opel,Kleinwagen,false,true,true,false,
669,2024-01-27,13:45,7,19,backward,black,D,H,VW,Kombi,false,false,false,false,
670,2024-01-27,13:45,7,31,forward,grey,D,B,VW,Kleinwagen,false,true,true,false,
671,2024-01-27,13:45,7,18,forward,black,D,MKK,BMW,Kleinwagen,false,true,true,false,
672,2024-01-27,13:45,7,16,forward,grey,D,VER,VW,SUV,false,false,false,true,
673,2024-01-27,13:45,7,33,backward,blue,D,B,Skoda,Kleinwagen,false,false,false,false,
674,2024-01-27,13:45,7,35,forward,white,D,B,VW,Kleinwagen,false,true,true,false,
675,2024-01-27,13:45,7,36,backward,black,D,SÖM,Skoda,Kombi,false,false,true,true,
676,2024-01-27,13:45,7,38,backward,black,D,WOB,VW,Transporter,true,true,true,true,
677,2024-01-27,13:45,7,15,forward,black,D,B,Audi,Limo,false,false,true,true,
678,2024-01-27,13:45,7,13,forward,black,D,HGW,BMW,SUV,false,false,true,false,
679,2024-01-27,13:45,7,12,forward,blue,D,OL,Audi,Kleinwagen,false,false,false,true,
680,2024-01-27,13:45,7,11,forward,black,D,B,Ford,Kleinwagen,false,false,true,true,
681,2024-01-27,13:45,7,8,backward,black,D,DE,Mercedes,SUV,false,false,false,true,
682,2024-01-27,13:45,7,7,backward,black,D,B,Mercedes,SUV,false,false,false,true,
683,2024-01-27,13:45,7,6,forward,blue,D,B,Fiat,Kleinwagen,false,false,true,false,
684,2024-01-27,13:40,8,12,backward,white,D,CW,Dacia,Kombi,false,false,false,false,
685,2024-01-27,13:40,8,14,forward,black,D,B,Audi,Kombi,true,true,false,false,
686,2024-01-27,13:40,8,8,forward,grey,D,BZ,Skoda,SUV,false,false,false,true,
687,2024-01-27,13:40,8,26,forward,black,D,B,Audi,SUV,false,false,false,true,
688,2024-01-27,13:40,8,34,forward,black,D,Z,Mercedes,Transporter,false,true,true,true,
689,2024-01-27,13:40,8,37,forward,white,D,NVP,BMW,SUV,false,false,true,false,
690,2024-01-27,13:30,9,20,forward,grey,D,VER,VW,Kombi,false,true,false,true,
691,2024-01-27,13:30,9,36,forward,grey,D,B,Opel,Kleinwagen,false,false,false,false,
692,2024-01-27,13:30,9,15,backward,black,D,B,Jaguar,Limo,false,false,false,false,
693,2024-01-27,13:30,9,38,backward,grey,D,MS,Land Rover,SUV,false,true,false,true,Licht is an
694,2024-01-27,13:30,9,12,forward,white,D,LIP,Mercedes,Limo,false,false,false,false,
695,2024-01-27,13:30,9,9,forward,white,D,DD,VW,Kleinwagen,false,false,false,true,
696,2024-01-27,13:30,9,1,backward,black,D,B,Honda,Motorrad,false,false,false,false,
697,2024-01-27,13:30,9,3,backward,silver,D,,,Anhänger,false,false,false,false,
698,2024-01-27,13:25,11,2,forward,grey,D,B,Ford,SUV,true,false,false,true,
699,2024-01-27,13:30,10,23,forward,silver,D,K,Seat,SUV,false,false,false,true,
700,2024-01-27,13:30,10,27,forward,silver,D,B,Skoda,Kleinwagen,false,false,false,false,
701,2024-01-27,13:30,10,1,backward,black,D,NF,Mercedes,Limo,false,false,true,false,
702,2024-01-27,13:30,10,30,forward,white,D,KS,VW,Kleinwagen,false,false,false,false,
703,2024-01-27,13:30,10,33,backward,white,D,B,VW,Transporter,false,false,false,true,
