ID,Objekt,Etage,Verortung,Parkplatz,Parkplatz,Position,Farbe,Symbole,Typografie,Inhalt,Elektrisch,Beschädigt,Foto,Notizen
1,Absperrung,1,,,,floor,red,false,false,"",false,false,http://parkhaus.digitalisat.com/media/pages/objects/1/d9a9390295-1706715134/bildschirmfoto-2024-01-31-um-16.32.04.png,""
2,Alarm,1,,,,wall,black,false,true,"NOTRUF AUFZUG",true,false,http://parkhaus.digitalisat.com/media/pages/objects/1/86c53254e9-1706714366/img_7246.jpg,""
3,Aschenbecher,1,,,,column,silver,false,false,"",false,true,http://parkhaus.digitalisat.com/media/pages/objects/1/de56852ab0-1706714641/img_7250.jpg,""
4,Aufzug,1,,,,wall,silver,true,true,"5",true,false,http://parkhaus.digitalisat.com/media/pages/objects/1/9ae6c021fc-1706697666/img_7244.jpg,""
5,Beleuchtung,1,,,,ceiling,,false,false,"",true,false,http://parkhaus.digitalisat.com/media/pages/objects/1/e6479ca951-1706715439/bildschirmfoto-2024-01-31-um-16.37.09.png,""
6,Beleuchtung,1,,,,ceiling,,false,false,"",true,false,http://parkhaus.digitalisat.com/media/pages/objects/1/e561c5b2dd-1706715417/bildschirmfoto-2024-01-31-um-16.36.44.png,""
7,Beleuchtung,1,,,,ceiling,,false,false,"",true,false,http://parkhaus.digitalisat.com/media/pages/objects/1/6d1ae31ff6-1706715220/bildschirmfoto-2024-01-31-um-16.33.29.png,""
8,Beleuchtung,1,,,,ceiling,,false,false,"",true,false,http://parkhaus.digitalisat.com/media/pages/objects/1/f9780efb6d-1706715185/bildschirmfoto-2024-01-31-um-16.32.55.png,""
9,Beleuchtung,1,,,,ceiling,,false,false,"",true,false,http://parkhaus.digitalisat.com/media/pages/objects/1/3f4af072b1-1706715011/bildschirmfoto-2024-01-31-um-16.29.59.png,""
10,Beleuchtung,1,,,,ceiling,,false,false,"",true,false,http://parkhaus.digitalisat.com/media/pages/objects/1/dc5255a1a2-1706714979/bildschirmfoto-2024-01-31-um-16.29.27.png,""
11,Beleuchtung,1,,,,ceiling,,false,false,"",true,false,http://parkhaus.digitalisat.com/media/pages/objects/1/a0e4ed448b-1706714920/img_7280.jpg,""
12,Beleuchtung,1,,,,wall,,false,false,"",true,false,http://parkhaus.digitalisat.com/media/pages/objects/1/1b73a3f68c-1706714000/img_7243.jpg,""
13,Kamera,1,,,,wall,black,false,false,"",true,false,,""
14,Mülleimer,1,,,,floor,grey,false,false,"",false,false,http://parkhaus.digitalisat.com/media/pages/objects/1/7becf2a96b-1706697727/img_7251.jpg,""
15,Schranke,1,,,,floor,yellow,false,false,"",true,false,http://parkhaus.digitalisat.com/media/pages/objects/1/b1c900c146-1706715082/bildschirmfoto-2024-01-31-um-16.31.09.png,""
16,Schranke,1,,,,floor,yellow,false,false,"",true,false,http://parkhaus.digitalisat.com/media/pages/objects/1/6281dc40c2-1706714871/img_7271.jpg,""
17,Streugut Container,1,,,,floor,orange,false,true,"STREUGUT",false,false,http://parkhaus.digitalisat.com/media/pages/objects/1/2444a63d36-1706697807/img_7262.jpg,""
18,Telefon,1,,,,wall,black,true,true,"Bei Störungen",true,false,http://parkhaus.digitalisat.com/media/pages/objects/1/1a8512e8cc-1706697879/img_7259.jpg,""
19,Ticketautomat,1,,,,floor,yellow,true,true,"KASSENAUTOMAT",true,false,http://parkhaus.digitalisat.com/media/pages/objects/1/c167da7d6b-1706714778/img_7253.jpg,""
20,Alarm,2,Gegenüber von,,,wall,red,true,true,"5002/01",true,false,http://parkhaus.digitalisat.com/media/pages/objects/2/6210aebb69-1706376647/img_1019-3.jpg,""
21,Alarm,2,Gegenüber von,,,wall,red,true,true,"5002/02",true,false,http://parkhaus.digitalisat.com/media/pages/objects/2/8539dc14cd-1706377124/img_1047-3.jpg,""
22,Alarm,2,Gegenüber von,,,wall,green,false,false,"",true,true,http://parkhaus.digitalisat.com/media/pages/objects/2/4251b29c7c-1706377292/img_1051-3.jpg,""
23,Beleuchtung,2,Vor,,,ceiling,,false,false,"",true,false,,""
24,Beleuchtung,2,Vor,,,ceiling,,false,false,"",true,false,,""
25,Beleuchtung,2,Vor,,,ceiling,,false,false,"",true,false,,""
26,Beleuchtung,2,Vor,,,ceiling,,false,false,"",true,false,,""
27,Beleuchtung,2,Vor,,,ceiling,,false,false,"",true,false,,""
28,Beleuchtung,2,Vor,,,ceiling,,false,false,"",true,false,,""
29,Beleuchtung,2,Vor,,,ceiling,,false,false,"",true,false,,""
30,Beleuchtung,2,Vor,,,ceiling,,false,false,"",true,false,,""
31,Beleuchtung,2,Vor,,,ceiling,,false,false,"",true,false,,""
32,Beleuchtung,2,Vor,,,ceiling,,false,false,"",true,false,,""
33,Bewegungsmelder,2,Gegenüber von,,,wall,grey,false,false,"",true,false,http://parkhaus.digitalisat.com/media/pages/objects/2/f3b7c2c7d2-1707504623/2024-02-09-19.50.12.png,""
34,Bewegungsmelder,2,Neben,,,column,grey,false,false,"",true,false,http://parkhaus.digitalisat.com/media/pages/objects/2/1c73a9ac07-1707504362/2024-02-09-19.45.51.png,""
35,Bewegungsmelder,2,Gegenüber von,,,column,grey,false,false,"",true,false,http://parkhaus.digitalisat.com/media/pages/objects/2/3ae2b75843-1707504325/2024-02-09-19.45.14.png,""
36,Fahrräder,2,Auf,,,floor,,false,false,"",false,false,,""
37,Fahrräder,2,Auf,,,floor,,false,false,"",false,false,,""
38,Fahrräder,2,Auf,,,floor,,false,false,"",false,false,,""
39,Fahrräder,2,Auf,,,floor,,false,false,"",false,false,,""
40,Fahrräder,2,Auf,,,floor,,false,false,"",false,false,,""
41,Fahrräder,2,Auf,,,floor,,false,false,"",false,false,,""
42,Fahrräder,2,Auf,,,floor,,false,false,"",false,false,,""
43,Fahrräder,2,Auf,,,floor,,false,false,"",false,false,,""
44,Fahrräder,2,Auf,,,floor,,false,false,"",false,false,,""
45,Feuerlöscher,2,Gegenüber von,,,wall,red,true,true,"TOTAL FEURLÖSCHER",false,false,http://parkhaus.digitalisat.com/media/pages/objects/2/e93daec7c1-1706377160/img_1048-3.jpg,""
46,Feuerlöscher,2,Gegenüber von,,,column,red,true,true,"TOTAL FEURLÖSCHER",false,false,http://parkhaus.digitalisat.com/media/pages/objects/2/18979f9765-1706376317/img_1016-3.jpg,""
47,Kamera,2,Zwischen,,12,wall,white,false,false,"",true,true,http://parkhaus.digitalisat.com/media/pages/objects/2/3fcfbc89b9-1707580070/img_1379.jpg,""
48,Kamera,2,Auf,,,ceiling,white,false,false,"",true,false,http://parkhaus.digitalisat.com/media/pages/objects/2/116897bb9a-1706377553/2024-01-27-18.45.47.png,""
49,Leuchtkasten,2,Zwischen,,12,wall,white,false,false,"",true,false,http://parkhaus.digitalisat.com/media/pages/objects/2/3fcfbc89b9-1707580070/img_1379.jpg,""
50,Mülleimer,2,Gegenüber von,,,column,orange,true,false,"",false,true,http://parkhaus.digitalisat.com/media/pages/objects/2/72ab4f7631-1706376347/img_1018-3.jpg,""
51,Reinigungsgerät,2,Auf,,,floor,red,false,true,"Huka",true,false,http://parkhaus.digitalisat.com/media/pages/objects/2/e1f0b44ddd-1706377505/img_1060-3.jpg,""
52,Steckdose,2,Vor,,,ceiling,grey,true,true,"TEP",true,false,http://parkhaus.digitalisat.com/media/pages/objects/2/14a7b4261b-1707504745/2024-02-09-19.52.15.png,""
53,Steckdose,2,Vor,,,ceiling,grey,true,true,"TEP",true,false,http://parkhaus.digitalisat.com/media/pages/objects/2/4ecf631060-1707504711/2024-02-09-19.51.40.png,""
54,Steckdose,2,Gegenüber von,,,wall,grey,true,true,"Defekt",true,true,http://parkhaus.digitalisat.com/media/pages/objects/2/faf3ab6d40-1707504670/2024-02-09-19.50.59.png,""
55,Steckdose,2,Vor,,,ceiling,grey,true,true,"TEP",true,false,http://parkhaus.digitalisat.com/media/pages/objects/2/bec20e1f28-1707504578/2024-02-09-19.49.27.png,""
56,Steckdose,2,Vor,,,ceiling,grey,true,true,"TEP",true,true,,""
57,Steckdose,2,Vor,,,ceiling,grey,true,true,"TEP",true,false,http://parkhaus.digitalisat.com/media/pages/objects/2/7959e22aaa-1707504442/2024-02-09-19.47.10.png,""
58,Steckdose,2,Gegenüber von,,,wall,grey,true,true,"TEP",true,true,http://parkhaus.digitalisat.com/media/pages/objects/2/9fdbc3605f-1707504412/2024-02-09-19.46.43.png,""
59,Telefon,2,Gegenüber von,,,wall,grey,false,true,"1234567890",true,true,http://parkhaus.digitalisat.com/media/pages/objects/2/a1c8fdc337-1706377219/img_1050-3.jpg,""
60,Telefon,2,Gegenüber von,,,wall,grey,false,true,"1234567890",true,false,http://parkhaus.digitalisat.com/media/pages/objects/2/6210aebb69-1706376647/img_1019-3.jpg,""
61,Alarm,3,Gegenüber von,,,wall,red,true,true,"5003/02",true,false,http://parkhaus.digitalisat.com/media/pages/objects/3/f43ea76550-1706381578/img_1104-3.jpg,""
62,Alarm,3,Gegenüber von,,,wall,red,true,true,"5003/01",true,false,http://parkhaus.digitalisat.com/media/pages/objects/3/56cb4756f3-1706381935/img_1111-3.jpg,""
63,Aufzug,3,Gegenüber von,,,wall,silver,true,true,"OTIS",true,false,http://parkhaus.digitalisat.com/media/pages/objects/3/9e2377a82b-1707504014/2024-02-09-19.40.03.png,""
64,Beleuchtung,3,Vor,,,ceiling,,false,false,"",true,false,,""
65,Beleuchtung,3,Vor,,,ceiling,,false,false,"",true,false,,""
66,Beleuchtung,3,Vor,,,ceiling,,false,false,"",true,false,,""
67,Beleuchtung,3,Vor,,,ceiling,,false,false,"",true,false,,""
68,Beleuchtung,3,Vor,,,ceiling,,false,false,"",true,false,,""
69,Beleuchtung,3,Vor,,,ceiling,,false,false,"",true,false,,""
70,Beleuchtung,3,Vor,,,ceiling,,false,false,"",true,false,,""
71,Beleuchtung,3,Vor,,,ceiling,,false,false,"",true,false,,""
72,Beleuchtung,3,Gegenüber von,,,wall,,false,false,"",true,false,http://parkhaus.digitalisat.com/media/pages/objects/3/44ca0c6377-1706382313/2024-01-27-20.05.07.png,""
73,Belüftung,3,Auf,,,wall,white,false,true,"SANYO",true,false,http://parkhaus.digitalisat.com/media/pages/objects/3/1f5d3d2231-1706895641/img_1107.jpg,""
74,Belüftung,3,Gegenüber von,,,floor,white,false,true,"TOSHIBA",true,false,,""
75,Bewegungsmelder,3,Vor,,,ceiling,grey,false,false,"",true,false,http://parkhaus.digitalisat.com/media/pages/objects/3/09ef33dae4-1707504050/2024-02-09-19.40.40.png,""
76,Bewegungsmelder,3,Auf,,,wall,grey,true,false,"",true,false,http://parkhaus.digitalisat.com/media/pages/objects/3/3f710788c7-1707503859/2024-02-09-19.37.29.png,""
77,Bewegungsmelder,3,Vor,,,ceiling,grey,false,false,"",true,false,http://parkhaus.digitalisat.com/media/pages/objects/3/78ed4feabb-1707503814/2024-02-09-19.36.44.png,""
78,Feuerlöscher,3,Gegenüber von,,,column,red,true,true,"TOTAL FEURLÖSCHER",false,false,http://parkhaus.digitalisat.com/media/pages/objects/3/2f2b53d814-1706382153/img_1113-3.jpg,""
79,Feuerlöscher,3,Gegenüber von,,,wall,red,true,true,"TOTAL FEURLÖSCHER",false,false,http://parkhaus.digitalisat.com/media/pages/objects/3/45b27d586c-1706381539/img_1103-3.jpg,""
80,Mülleimer,3,Gegenüber von,,,column,orange,true,false,"",false,false,http://parkhaus.digitalisat.com/media/pages/objects/3/05f6d2d88d-1706382111/img_1112-3.jpg,""
81,Mülleimer,3,Gegenüber von,,,floor,grey,false,false,"",false,true,http://parkhaus.digitalisat.com/media/pages/objects/3/29fca9f819-1706381716/img_1109-3.jpg,""
82,Steckdose,3,Vor,,,ceiling,grey,true,true,"TEP",true,false,http://parkhaus.digitalisat.com/media/pages/objects/3/fe473f0a68-1707503922/2024-02-09-19.38.32.png,""
83,Steckdose,3,Vor,,,ceiling,grey,true,true,"TEP",true,true,http://parkhaus.digitalisat.com/media/pages/objects/3/67b8a3cdf4-1707503757/2024-02-09-19.35.45.png,""
84,Steckdose,3,Vor,,,ceiling,grey,true,true,"TEP",true,true,http://parkhaus.digitalisat.com/media/pages/objects/3/75c4f003b9-1707503660/2024-02-09-19.34.08.png,""
85,Steckdose,3,Gegenüber von,,,wall,grey,true,true,"TEP",true,false,http://parkhaus.digitalisat.com/media/pages/objects/3/b7197f0e45-1706895557/img_1116.jpeg,""
86,Steckdose,3,Gegenüber von,,,wall,grey,false,false,"",true,true,http://parkhaus.digitalisat.com/media/pages/objects/3/be13359625-1706382232/2024-01-27-20.03.35.png,""
87,Telefon,3,Gegenüber von,,,wall,grey,false,true,"1234567890",true,false,http://parkhaus.digitalisat.com/media/pages/objects/3/68d002b4dd-1706381750/img_1110-3.jpg,""
88,Telefon,3,Auf,,,wall,grey,false,true,"1234567890",true,false,http://parkhaus.digitalisat.com/media/pages/objects/3/6d2b00790f-1706381675/img_1108-3.jpg,""
89,Alarm,4,Gegenüber von,,,wall,red,true,true,"",true,false,,""
90,Alarm,4,Gegenüber von,,,wall,red,true,true,"",true,false,,""
91,Beleuchtung,4,Gegenüber von,,,ceiling,,false,false,"",true,false,http://parkhaus.digitalisat.com/media/pages/objects/4/8c12b9ee03-1707500701/2024-02-09-18.44.48.png,""
92,Beleuchtung,4,Vor,,,ceiling,,false,false,"",true,false,,""
93,Beleuchtung,4,Vor,,,ceiling,,false,false,"",true,false,,""
94,Beleuchtung,4,Vor,,,ceiling,,false,false,"",true,false,,""
95,Beleuchtung,4,Vor,,,ceiling,,false,false,"",true,false,,""
96,Beleuchtung,4,Vor,,,ceiling,,false,false,"",true,false,,""
97,Beleuchtung,4,Vor,,,ceiling,,false,false,"",true,false,,""
98,Beleuchtung,4,Vor,,,ceiling,,false,false,"",true,false,,""
99,Beleuchtung,4,Vor,,,ceiling,,false,false,"",true,false,,""
100,Beleuchtung,4,Vor,,,ceiling,,false,false,"",true,false,,""
101,Beleuchtung,4,Vor,,,ceiling,,false,false,"",true,false,,""
102,Beleuchtung,4,Vor,,,ceiling,,false,false,"",true,false,,""
103,Beleuchtung,4,Vor,,,ceiling,,false,false,"",true,false,,""
104,Beleuchtung,4,Vor,,,ceiling,,false,false,"",true,false,,""
105,Bewegungsmelder,4,Gegenüber von,,,wall,grey,false,false,"",true,false,http://parkhaus.digitalisat.com/media/pages/objects/4/192f2a6b51-1707501044/2024-02-09-18.50.29.png,""
106,Bewegungsmelder,4,Neben,,,wall,grey,false,false,"",true,false,http://parkhaus.digitalisat.com/media/pages/objects/4/b9d8b81765-1707500818/2024-02-09-18.46.48.png,""
107,Feuerlöscher,4,Gegenüber von,,,wall,red,true,true,"TOTAL Feurlöser",false,false,http://parkhaus.digitalisat.com/media/pages/objects/4/fc6d786457-1705873006/2024-01-21-10.36.43.png,""
108,Feuerlöscher,4,Gegenüber von,,,column,red,true,true,"TOTAL Feurlöser",false,false,http://parkhaus.digitalisat.com/media/pages/objects/4/c1e40132c2-1705872877/2024-01-21-10.34.34.png,""
109,Müll,4,Gegenüber von,,,column,white,false,false,"",false,false,http://parkhaus.digitalisat.com/media/pages/objects/4/6a4f245a4c-1706895991/2024-02-02-18.46.26.png,""
110,Mülleimer,4,Gegenüber von,,,column,orange,true,false,"",false,true,http://parkhaus.digitalisat.com/media/pages/objects/4/d6d1729cf3-1705872907/2024-01-21-10.35.04.png,""
111,Steckdose,4,Vor,,,ceiling,grey,true,true,"TEP",true,false,http://parkhaus.digitalisat.com/media/pages/objects/4/e06597085c-1707500919/2024-02-09-18.48.24.png,""
112,Steckdose,4,Vor,,,ceiling,grey,true,true,"TEP",true,false,http://parkhaus.digitalisat.com/media/pages/objects/4/556b127d97-1707500871/2024-02-09-18.47.39.png,""
113,Steckdose,4,Gegenüber von,,,wall,grey,true,true,"TEP",true,false,http://parkhaus.digitalisat.com/media/pages/objects/4/4fde5ec9b4-1707500516/2024-02-09-18.41.41.png,""
114,Steckdose,4,Vor,,,ceiling,grey,true,true,"TEP",true,false,http://parkhaus.digitalisat.com/media/pages/objects/4/600157517c-1707500313/2024-02-09-18.38.22.png,""
115,Steckdose,4,Vor,,,ceiling,grey,true,true,"TEP",true,false,http://parkhaus.digitalisat.com/media/pages/objects/4/f2add7fde1-1707500235/2024-02-09-18.37.04.png,""
116,Steckdose,4,Gegenüber von,,,wall,grey,true,true,"TEP",true,true,http://parkhaus.digitalisat.com/media/pages/objects/4/b66fea4991-1707500107/2024-02-09-18.34.51.png,""
117,Telefon,4,Gegenüber von,,,wall,grey,false,true,"1234567890",true,true,http://parkhaus.digitalisat.com/media/pages/objects/4/b90cbbb3a1-1705872947/2024-01-21-10.35.43.png,""
118,Alarm,5,Gegenüber von,,,wall,red,true,true,"5005/01",true,false,http://parkhaus.digitalisat.com/media/pages/objects/5/73950eba71-1706624215/img_1151-3.jpg,""
119,Alarm,5,Gegenüber von,,,wall,red,true,true,"5005/02",true,false,http://parkhaus.digitalisat.com/media/pages/objects/5/2aae575d15-1706890945/img_1157.jpg,""
120,Aufzug,5,Gegenüber von,,,wall,silver,true,true,"OTIS",true,false,http://parkhaus.digitalisat.com/media/pages/objects/5/7e7ad7eb49-1707499084/2024-02-09-18.17.50.png,""
121,Beleuchtung,5,Gegenüber von,,,ceiling,,false,false,"",false,false,http://parkhaus.digitalisat.com/media/pages/objects/5/eb47e9d8a3-1707499362/2024-02-09-18.22.25.png,""
122,Beleuchtung,5,Vor,,,ceiling,,false,false,"",true,false,,""
123,Beleuchtung,5,Vor,,,ceiling,,false,false,"",true,false,,""
124,Beleuchtung,5,Vor,,,ceiling,,false,false,"",true,false,,""
125,Beleuchtung,5,Vor,,,ceiling,,false,false,"",true,false,,""
126,Beleuchtung,5,Vor,,,ceiling,,false,false,"",true,false,,""
127,Beleuchtung,5,Vor,,,ceiling,,false,false,"",true,false,,""
128,Beleuchtung,5,Vor,,,ceiling,,false,false,"",true,false,,""
129,Beleuchtung,5,Gegenüber von,,,wall,,false,false,"",true,false,http://parkhaus.digitalisat.com/media/pages/objects/5/7e7ad7eb49-1707499084/2024-02-09-18.17.50.png,""
130,Bewegungsmelder,5,Auf,,,wall,grey,false,false,"",true,false,http://parkhaus.digitalisat.com/media/pages/objects/5/a400c6e6c4-1707500021/2024-02-09-18.33.25.png,""
131,Bewegungsmelder,5,Vor,,,ceiling,grey,false,false,"",true,true,http://parkhaus.digitalisat.com/media/pages/objects/5/101eecd6f2-1707499568/2024-02-09-18.25.56.png,""
132,Bewegungsmelder,5,Gegenüber von,,,ceiling,white,false,false,"",true,false,http://parkhaus.digitalisat.com/media/pages/objects/5/7dacf9bf96-1707499418/2024-02-09-18.23.19.png,""
133,Bewegungsmelder,5,Gegenüber von,,,ceiling,black,false,false,"",true,false,http://parkhaus.digitalisat.com/media/pages/objects/5/7dacf9bf96-1707499418/2024-02-09-18.23.19.png,""
134,Bewegungsmelder,5,Vor,,,ceiling,grey,false,false,"",true,true,http://parkhaus.digitalisat.com/media/pages/objects/5/cb0ebb2383-1707499286/2024-02-09-18.21.06.png,""
135,Bewegungsmelder,5,Gegenüber von,,,wall,grey,false,false,"",false,false,http://parkhaus.digitalisat.com/media/pages/objects/5/2a6cc4cecd-1707499195/2024-02-09-18.19.43.png,""
136,Bewegungsmelder,5,Vor,,,ceiling,grey,false,false,"",true,false,http://parkhaus.digitalisat.com/media/pages/objects/5/b5ccc9c726-1706895430/img_1179.jpeg,""
137,Feuerlöscher,5,Gegenüber von,,,wall,red,true,true,"TOTAL FEURLÖSCHER",false,false,,""
138,Feuerlöscher,5,Gegenüber von,,,column,red,true,true,"TOTAL FEURLÖSCHER",false,false,http://parkhaus.digitalisat.com/media/pages/objects/5/698240ff1f-1706624288/img_1153-3.jpg,""
139,Leuchtkasten,5,Gegenüber von,,,wall,white,false,false,"",false,true,http://parkhaus.digitalisat.com/media/pages/objects/5/850fe249e9-1707499222/2024-02-09-18.20.12.png,""
140,Mülleimer,5,Gegenüber von,,,floor,grey,false,false,"",false,true,http://parkhaus.digitalisat.com/media/pages/objects/5/227e66b2b6-1706624402/img_1155-3.jpg,""
141,Mülleimer,5,Gegenüber von,,,column,orange,true,false,"",false,false,http://parkhaus.digitalisat.com/media/pages/objects/5/d45d308381-1706624158/img_1150-3.jpg,""
142,Reinigungsgerät,5,Auf,,,floor,blue,false,false,"",false,true,http://parkhaus.digitalisat.com/media/pages/objects/5/e68b9fa558-1706624363/img_1154-3.jpg,""
143,Steckdose,5,Auf,,,wall,grey,true,true,"TEP",true,false,http://parkhaus.digitalisat.com/media/pages/objects/5/1b28c444d4-1707499777/2024-02-09-18.29.25.png,""
144,Steckdose,5,Vor,,,ceiling,grey,true,true,"TEP",true,true,http://parkhaus.digitalisat.com/media/pages/objects/5/101eecd6f2-1707499568/2024-02-09-18.25.56.png,""
145,Steckdose,5,Vor,,,ceiling,grey,true,true,"TEP",true,true,http://parkhaus.digitalisat.com/media/pages/objects/5/b76362a1c9-1707499524/2024-02-09-18.25.09.png,""
146,Steckdose,5,Gegenüber von,,,wall,grey,true,true,"TEP",true,true,http://parkhaus.digitalisat.com/media/pages/objects/5/3f5018a8f3-1706891489/img_1160.jpg,""
147,Steckdose,5,Gegenüber von,,,wall,grey,true,true,"TEP",true,true,http://parkhaus.digitalisat.com/media/pages/objects/5/dae4ff4dae-1706624511/img_1156-3.jpg,""
148,Alarm,6,Gegenüber von,,,wall,red,true,true,"5006/01",true,false,http://parkhaus.digitalisat.com/media/pages/objects/6/ddac17b25b-1706622822/img_7231.jpg,""
149,Alarm,6,Gegenüber von,,,wall,red,true,true,"5006/02",true,false,http://parkhaus.digitalisat.com/media/pages/objects/6/3fb5186c10-1706624235/img_7197.jpg,""
150,Beleuchtung,6,Zwischen,,11,ceiling,,false,false,"",true,false,,""
151,Beleuchtung,6,Vor,,,ceiling,,false,false,"",true,false,,""
152,Beleuchtung,6,Vor,,,ceiling,,false,false,"",true,false,,""
153,Beleuchtung,6,Zwischen,,7,ceiling,,false,false,"",true,false,,""
154,Beleuchtung,6,Zwischen,,5,ceiling,,false,false,"",true,false,,""
155,Beleuchtung,6,Zwischen,,4,ceiling,,false,false,"",true,false,,""
156,Beleuchtung,6,Zwischen,,1,ceiling,,false,false,"",true,false,,""
157,Beleuchtung,6,Vor,,,ceiling,,false,false,"",true,false,,""
158,Beleuchtung,6,Vor,,,ceiling,,false,false,"",true,false,,""
159,Beleuchtung,6,Vor,,,ceiling,,false,false,"",true,false,,""
160,Beleuchtung,6,Gegenüber von,,,ceiling,,false,false,"",true,false,http://parkhaus.digitalisat.com/media/pages/objects/6/49caf5fc60-1706624503/img_7199.jpg,""
161,Beleuchtung,6,Gegenüber von,,,ceiling,,false,false,"",true,false,http://parkhaus.digitalisat.com/media/pages/objects/6/51c6d9ca41-1706624431/img_7237.jpg,""
162,Bewegungsmelder,6,Neben,,,column,grey,false,false,"",true,false,http://parkhaus.digitalisat.com/media/pages/objects/6/ac4ba043e1-1707583714/img_7417.jpg,""
163,Feuerlöscher,6,Gegenüber von,,,column,red,true,true,"GLORIA Feuerlöscher",false,false,http://parkhaus.digitalisat.com/media/pages/objects/6/896d0d14ac-1706624319/img_7196.jpg,""
164,Feuerlöscher,6,Gegenüber von,,,column,red,true,true,"neuruppin Feuerlöscher",false,false,http://parkhaus.digitalisat.com/media/pages/objects/6/0ccb2cd098-1706622637/img_7235.jpg,""
165,Müll,6,Auf,,,floor,orange,true,false,"",false,false,http://parkhaus.digitalisat.com/media/pages/objects/6/c59925c5d0-1706623426/img_7212.jpg,""
166,Mülleimer,6,Gegenüber von,,,wall,orange,true,false,"",false,false,http://parkhaus.digitalisat.com/media/pages/objects/6/9b5b860c21-1707643851/mulli.jpeg,""
167,Mülleimer,6,Gegenüber von,,,column,orange,true,false,"",false,false,http://parkhaus.digitalisat.com/media/pages/objects/6/c43f80dc47-1706622899/img_7233.jpg,""
168,Steckdose,6,Gegenüber von,,,wall,grey,true,true,"TEP",true,false,http://parkhaus.digitalisat.com/media/pages/objects/6/34c513a095-1706631171/img_7191.jpg,""
169,Steckdose,6,Gegenüber von,,,wall,grey,true,true,"TEP",true,false,http://parkhaus.digitalisat.com/media/pages/objects/6/14fa25f72f-1706631033/img_7228.jpg,""
170,Telefon,6,Gegenüber von,,,wall,grey,false,true,"1234567890",true,false,http://parkhaus.digitalisat.com/media/pages/objects/6/1a051225ab-1706622973/img_7232.jpg,""
171,Alarm,7,Gegenüber von,,,wall,red,true,true,"5007/01",true,false,http://parkhaus.digitalisat.com/media/pages/objects/7/7fd59b79ca-1706625509/img_7172.jpg,""
172,Alarm,7,Gegenüber von,,,wall,red,true,true,"5007/02",true,false,http://parkhaus.digitalisat.com/media/pages/objects/7/6fdd5660f7-1706625693/img_7146.jpg,""
173,Aufzug,7,Gegenüber von,,,wall,silver,true,true,"7",true,false,http://parkhaus.digitalisat.com/media/pages/objects/7/b8e84258d5-1706627559/img_7158.jpg,""
174,Beleuchtung,7,Zwischen,,2,ceiling,,false,false,"",true,false,,""
175,Beleuchtung,7,Vor,,,ceiling,,false,false,"",true,false,,""
176,Beleuchtung,7,Vor,,,ceiling,,false,false,"",true,false,,""
177,Beleuchtung,7,Zwischen,,37,ceiling,,false,false,"",true,false,,""
178,Beleuchtung,7,Zwischen,,34,ceiling,,false,false,"",true,false,,""
179,Beleuchtung,7,Zwischen,,31,ceiling,,false,false,"",true,false,,""
180,Beleuchtung,7,Vor,,,ceiling,,false,false,"",true,false,,""
181,Beleuchtung,7,Vor,,,ceiling,,false,false,"",true,false,,""
182,Beleuchtung,7,Vor,,,ceiling,,false,false,"",true,false,,""
183,Beleuchtung,7,Gegenüber von,,,wall,,false,false,"",true,false,http://parkhaus.digitalisat.com/media/pages/objects/7/55b33d4be2-1706627615/img_7159.jpg,""
184,Bewegungsmelder,7,Auf,,,wall,grey,false,false,"",true,false,http://parkhaus.digitalisat.com/media/pages/objects/7/c6ec102547-1707583591/img_7411.jpg,""
185,Bewegungsmelder,7,Vor,,,ceiling,grey,false,false,"",true,false,http://parkhaus.digitalisat.com/media/pages/objects/7/292ee4be1a-1707583607/7-14.jpg,""
186,Feuerlöscher,7,Gegenüber von,,,column,red,true,true,"TOTAL Feuerlöscher",false,false,http://parkhaus.digitalisat.com/media/pages/objects/7/3c9a3378f4-1706625821/img_7145.jpg,""
187,Feuerlöscher,7,Gegenüber von,,,column,red,true,true,"TOTAL Feuerlöscher",false,false,http://parkhaus.digitalisat.com/media/pages/objects/7/424b1a48fe-1706624983/img_7175.jpg,""
188,Leuchtkasten,7,Gegenüber von,,,wall,white,false,false,"",true,true,http://parkhaus.digitalisat.com/media/pages/objects/7/9c109e07fb-1706627433/img_7157.jpg,""
189,Müll,7,Auf,,,floor,gold,false,true,"Krombacher",false,false,http://parkhaus.digitalisat.com/media/pages/objects/7/c2401028f3-1706627915/img_7184.jpg,""
190,Mülleimer,7,Gegenüber von,,,floor,grey,false,false,"",false,true,http://parkhaus.digitalisat.com/media/pages/objects/7/6e70225f1d-1706627700/img_7171.jpg,""
191,Mülleimer,7,Gegenüber von,,,column,orange,true,false,"",false,false,http://parkhaus.digitalisat.com/media/pages/objects/7/e74f5d5bd0-1706625369/img_7174.jpg,""
192,Steckdose,7,Gegenüber von,,,wall,grey,true,true,"TEP",true,false,http://parkhaus.digitalisat.com/media/pages/objects/7/dcc8d8f470-1707583644/img_7412.jpg,""
193,Steckdose,7,Gegenüber von,,,wall,grey,true,true,"TEP",true,false,http://parkhaus.digitalisat.com/media/pages/objects/7/795b93fc16-1706631235/img_7143.jpg,""
194,Steckdose,7,Gegenüber von,,,wall,grey,true,true,"TEP",true,true,http://parkhaus.digitalisat.com/media/pages/objects/7/ddd22e9b1d-1706631273/img_7169.jpg,""
195,Telefon,7,Gegenüber von,,,wall,grey,false,true,"1234567890",true,false,http://parkhaus.digitalisat.com/media/pages/objects/7/fcc79e5e87-1706625459/img_7173.jpg,""
196,Alarm,8,Gegenüber von,,,wall,red,true,true,"5008/02",true,false,http://parkhaus.digitalisat.com/media/pages/objects/8/19935982d8-1706627595/img_7088.jpg,""
197,Alarm,8,Gegenüber von,,,wall,red,true,true,"5008/01",true,false,http://parkhaus.digitalisat.com/media/pages/objects/8/c7c04a086b-1706626824/img_7122.jpg,""
198,Beleuchtung,8,Zwischen,,13,ceiling,,false,false,"",true,false,,""
199,Beleuchtung,8,Gegenüber von,,,ceiling,,false,false,"",true,false,,""
200,Beleuchtung,8,Vor,,,ceiling,,false,false,"",true,false,,""
201,Beleuchtung,8,Vor,,,ceiling,,false,false,"",true,false,,""
202,Beleuchtung,8,Vor,,,ceiling,,false,false,"",true,false,,""
203,Beleuchtung,8,Vor,,,ceiling,,false,false,"",true,false,,""
204,Beleuchtung,8,Vor,,,ceiling,,false,false,"",true,false,,""
205,Beleuchtung,8,Gegenüber von,,,ceiling,,false,false,"",true,false,,""
206,Beleuchtung,8,Gegenüber von,,,ceiling,,false,false,"",true,false,http://parkhaus.digitalisat.com/media/pages/objects/8/f26d252764-1706627162/img_7108.jpg,""
207,Beleuchtung,8,Vor,,,ceiling,,false,false,"",true,false,,""
208,Beleuchtung,8,Vor,,,ceiling,,false,false,"",true,false,,""
209,Beleuchtung,8,Vor,,,ceiling,,false,false,"",true,false,,""
210,Bewegungsmelder,8,Gegenüber von,,,wall,grey,false,false,"",true,false,http://parkhaus.digitalisat.com/media/pages/objects/8/6e62a2ef25-1706627909/img_7086.jpg,""
211,Bewegungsmelder,8,Vor,,,ceiling,grey,false,false,"",true,false,,""
212,Bewegungsmelder,8,Vor,,,ceiling,grey,false,false,"",false,false,http://parkhaus.digitalisat.com/media/pages/objects/8/b9a84da79e-1706627269/bildschirmfoto-2024-01-30-um-16.07.43.png,""
213,Feuerlöscher,8,Gegenüber von,,,wall,red,true,true,"TOTAL FEUERLÖSCHER",false,false,http://parkhaus.digitalisat.com/media/pages/objects/8/31617d58aa-1706627643/img_7087.jpg,""
214,Feuerlöscher,8,Gegenüber von,,,column,red,true,true,"TOTAL FEUERLÖSCHER",false,false,http://parkhaus.digitalisat.com/media/pages/objects/8/b185be1b0b-1706626343/img_7126.jpg,""
215,Müll,8,Neben,,,column,grey,true,true,"1900",false,false,,""
216,Mülleimer,8,Gegenüber von,,,column,orange,true,false,"",false,false,http://parkhaus.digitalisat.com/media/pages/objects/8/1cddd6fbc9-1706626390/img_7124.jpg,""
217,Steckdose,8,Gegenüber von,,,wall,grey,true,true,"TEP",true,false,http://parkhaus.digitalisat.com/media/pages/objects/8/f73848c4b4-1706627747/bildschirmfoto-2024-01-30-um-16.15.41.png,""
218,Steckdose,8,Gegenüber von,,,wall,grey,true,true,"TEP",true,false,http://parkhaus.digitalisat.com/media/pages/objects/8/9cf48476ff-1706626938/img_7121.jpg,""
219,Telefon,8,Gegenüber von,,,wall,grey,false,true,"1 2 3 4 5 6 7 8 9 0 ",true,false,http://parkhaus.digitalisat.com/media/pages/objects/8/6f8157ea62-1706626493/img_7123.jpg,""
220,Alarm,9,Gegenüber von,,,wall,red,true,true,"5009/01",true,false,http://parkhaus.digitalisat.com/media/pages/objects/9/62d694ad25-1706623002/img_7060.jpg,""
221,Alarm,9,Gegenüber von,,,wall,red,true,true,"5009/02",true,false,http://parkhaus.digitalisat.com/media/pages/objects/9/c813f425f9-1706624712/img_7035.jpg,""
222,Aschenbecher,9,Auf,,,floor,orange,false,true,"f6",false,false,http://parkhaus.digitalisat.com/media/pages/objects/9/f8bb32e16e-1706625410/img_7068.jpg,""
223,Aufzug,9,Gegenüber von,,,wall,silver,true,true,"3",true,false,http://parkhaus.digitalisat.com/media/pages/objects/9/05347d1721-1706623747/img_7051.jpg,""
224,Beleuchtung,9,Gegenüber von,,,ceiling,,false,false,"",true,false,http://parkhaus.digitalisat.com/media/pages/objects/9/f42495af38-1706625740/img_7038.jpg,""
225,Beleuchtung,9,Gegenüber von,,,ceiling,,false,false,"",true,false,http://parkhaus.digitalisat.com/media/pages/objects/9/4e420f7ace-1706625800/img_7075.jpg,""
226,Beleuchtung,9,Vor,,,ceiling,,false,false,"",true,false,http://parkhaus.digitalisat.com/media/pages/objects/9/a59f488842-1706625283/img_7076.jpg,""
227,Beleuchtung,9,Vor,,,ceiling,,false,false,"",true,false,,""
228,Beleuchtung,9,Vor,,,ceiling,,false,false,"",true,false,,""
229,Beleuchtung,9,Vor,,,ceiling,,false,false,"",true,false,,""
230,Beleuchtung,9,Vor,,,ceiling,,false,false,"",true,false,,""
231,Beleuchtung,9,Vor,,,ceiling,,false,false,"",true,false,,""
232,Beleuchtung,9,Vor,,,ceiling,,false,false,"",true,false,,""
233,Beleuchtung,9,Vor,,,wall,,false,false,"",true,false,,""
234,Beleuchtung,9,Gegenüber von,,,wall,,false,false,"",true,false,http://parkhaus.digitalisat.com/media/pages/objects/9/f2f73348f9-1706623858/img_7053.jpg,""
235,Beleuchtung,9,Vor,,,ceiling,,false,false,"",true,false,,""
236,Beleuchtung,9,Vor,,,ceiling,,false,false,"",true,false,,""
237,Beleuchtung,9,Vor,,,ceiling,,false,false,"",true,false,,""
238,Bewegungsmelder,9,Auf,,,wall,grey,false,false,"TEP",true,false,http://parkhaus.digitalisat.com/media/pages/objects/9/5a5e66d47a-1706624226/bildschirmfoto-2024-01-30-um-15.16.50.png,""
239,Bewegungsmelder,9,Vor,,,ceiling,grey,false,false,"",true,false,http://parkhaus.digitalisat.com/media/pages/objects/9/1b03d0b519-1707583003/img_7389.jpg,""
240,Bewegungsmelder,9,Vor,,,ceiling,,false,false,"",true,false,http://parkhaus.digitalisat.com/media/pages/objects/9/390748042f-1706624433/bildschirmfoto-2024-01-30-um-15.20.27.png,""
241,Bewegungsmelder,9,Vor,,,ceiling,black,false,false,"",true,false,http://parkhaus.digitalisat.com/media/pages/objects/9/13f5f6879c-1706624324/bildschirmfoto-2024-01-30-um-15.18.37.png,""
242,Feuerlöscher,9,Gegenüber von,,,wall,red,true,true,"TOTAL FEUERLÖSCHER",false,false,http://parkhaus.digitalisat.com/media/pages/objects/9/a91491f5ac-1706624769/img_7034.jpg,""
243,Feuerlöscher,9,Gegenüber von,,,column,red,true,true,"TOTAL FEUERLÖSCHER",false,false,http://parkhaus.digitalisat.com/media/pages/objects/9/a3d86614e2-1706622776/img_7064.jpg,""
244,Müll,9,Gegenüber von,,,floor,yellow,true,true,"MIO MIO Mate",false,true,http://parkhaus.digitalisat.com/media/pages/objects/9/4cb6e3d4e5-1706622612/img_7061.jpg,""
245,Mülleimer,9,Gegenüber von,,,column,orange,true,false,"",false,false,http://parkhaus.digitalisat.com/media/pages/objects/9/cee629bccc-1706622677/img_7062.jpg,""
246,Steckdose,9,Gegenüber von,,,wall,grey,true,true,"TEP",true,false,http://parkhaus.digitalisat.com/media/pages/objects/9/7b3a9f044c-1707583048/img_7390.jpg,""
247,Steckdose,9,Gegenüber von,,,wall,grey,true,true,"TEP",true,true,http://parkhaus.digitalisat.com/media/pages/objects/9/9403dcc362-1706624945/img_7032.jpg,""
248,Steckdose,9,Gegenüber von,,,wall,grey,true,true,"TEP",true,false,http://parkhaus.digitalisat.com/media/pages/objects/9/8aa4665722-1706623188/img_7058.jpg,""
249,Telefon,9,Gegenüber von,,,wall,grey,false,true,"1 2 3 4 5 6 7 8 9 0 ",true,false,http://parkhaus.digitalisat.com/media/pages/objects/9/62d694ad25-1706623002/img_7060.jpg,""
250,Alarm,10,Gegenüber von,,,wall,red,true,true,"5010/02",true,false,http://parkhaus.digitalisat.com/media/pages/objects/10/b59b254b8b-1706624679/img_6983.jpg,""
251,Alarm,10,Gegenüber von,,,wall,red,true,true,"5010/01",true,false,http://parkhaus.digitalisat.com/media/pages/objects/10/494bc4979b-1706625816/img_7016.jpg,""
252,Beleuchtung,10,Gegenüber von,,,ceiling,,false,false,"",true,false,http://parkhaus.digitalisat.com/media/pages/objects/10/4052d47695-1706626921/img_7004.jpg,""
253,Beleuchtung,10,Gegenüber von,,,ceiling,,false,false,"",true,false,http://parkhaus.digitalisat.com/media/pages/objects/10/a1f0de31a1-1706626872/img_7008.jpg,""
254,Beleuchtung,10,Vor,,,ceiling,,false,false,"",true,false,http://parkhaus.digitalisat.com/media/pages/objects/10/2997653d90-1706624925/img_6996.jpg,""
255,Beleuchtung,10,Vor,,,ceiling,,false,false,"",true,false,http://parkhaus.digitalisat.com/media/pages/objects/10/2997653d90-1706624925/img_6996.jpg,""
256,Beleuchtung,10,Gegenüber von,,,wall,,false,false,"",true,false,http://parkhaus.digitalisat.com/media/pages/objects/10/53ad5c3b09-1706624772/img_6991.jpg,""
257,Beleuchtung,10,Vor,,,ceiling,,false,false,"",true,false,,""
258,Bewegungsmelder,10,Gegenüber von,,,wall,grey,false,false,"",true,false,http://parkhaus.digitalisat.com/media/pages/objects/10/13307562cb-1707582950/img_7387.jpg,""
259,Bewegungsmelder,10,Neben,,,column,grey,false,false,"",true,false,http://parkhaus.digitalisat.com/media/pages/objects/10/0c9e9e8e00-1707582752/img_7381.jpg,""
260,Bewegungsmelder,10,Gegenüber von,,,column,grey,false,false,"",true,false,http://parkhaus.digitalisat.com/media/pages/objects/10/eb06344d28-1706626277/img_7020.jpg,""
261,Feuerlöscher,10,Gegenüber von,,,column,red,true,true,"TOTAL FEUERLÖSCHER",false,false,http://parkhaus.digitalisat.com/media/pages/objects/10/2e44a68209-1706626357/img_7021.jpg,""
262,Feuerlöscher,10,Gegenüber von,,,column,red,true,true,"TOTAL FEUERLÖSCHER",false,false,http://parkhaus.digitalisat.com/media/pages/objects/10/98c12f0efa-1706624612/img_6982.jpg,""
263,Mülleimer,10,Gegenüber von,,,column,orange,true,false,"",false,false,http://parkhaus.digitalisat.com/media/pages/objects/10/74f2f0c905-1706625992/img_7018.jpg,""
264,Steckdose,10,Gegenüber von,,,wall,grey,true,true,"TEP",true,false,http://parkhaus.digitalisat.com/media/pages/objects/10/026e28f6f9-1707582605/img_7379.jpg,""
265,Steckdose,10,Gegenüber von,,,wall,grey,true,true,"TEP",true,false,http://parkhaus.digitalisat.com/media/pages/objects/10/1dab72f0f6-1706626457/img_7013.jpg,""
266,Telefon,10,Gegenüber von,,,wall,grey,false,true,"1234567890",true,false,http://parkhaus.digitalisat.com/media/pages/objects/10/fabf3b07c5-1706625923/img_7017.jpg,""
267,Alarm,11,Gegenüber von,,,wall,red,true,true,"5011/01 ESSER",true,false,http://parkhaus.digitalisat.com/media/pages/objects/11/d2ce91041a-1705765742/telefon-feuermelder.jpg,""
268,Alarm,11,Gegenüber von,,,wall,red,true,true,"5011/02 ESSER",true,false,http://parkhaus.digitalisat.com/media/pages/objects/11/a19ce5bfd1-1705765456/feuermelder-2.jpg,""
269,Aufzug,11,Gegenüber von,,,wall,silver,true,false,"",true,false,http://parkhaus.digitalisat.com/media/pages/objects/11/8f88487a92-1705766353/aufzug.jpg,""
270,Beleuchtung,11,Gegenüber von,,,ceiling,,false,false,"",true,false,http://parkhaus.digitalisat.com/media/pages/objects/11/b2d12b6627-1705766386/beleuchtung.jpg,""
271,Beleuchtung,11,Gegenüber von,,,wall,,false,false,"",true,false,http://parkhaus.digitalisat.com/media/pages/objects/11/8f88487a92-1705766353/aufzug.jpg,""
272,Beleuchtung,11,Gegenüber von,,,ceiling,,false,false,"",true,false,http://parkhaus.digitalisat.com/media/pages/objects/11/b2d12b6627-1705766386/beleuchtung.jpg,""
273,Beleuchtung,11,Gegenüber von,,,ceiling,,false,false,"",true,false,http://parkhaus.digitalisat.com/media/pages/objects/11/500ca318b3-1705766280/leuchte-abfahrt.jpg,""
274,Beleuchtung,11,Gegenüber von,,,ceiling,,false,false,"",true,false,http://parkhaus.digitalisat.com/media/pages/objects/11/500ca318b3-1705766280/leuchte-abfahrt.jpg,""
275,Beleuchtung,11,Gegenüber von,,,ceiling,,false,false,"",true,false,http://parkhaus.digitalisat.com/media/pages/objects/11/b2d12b6627-1705766386/beleuchtung.jpg,""
276,Beleuchtung,11,Gegenüber von,,,ceiling,,false,false,"",true,false,http://parkhaus.digitalisat.com/media/pages/objects/11/b2d12b6627-1705766386/beleuchtung.jpg,""
277,Beleuchtung,11,Gegenüber von,,,ceiling,,false,false,"",true,false,http://parkhaus.digitalisat.com/media/pages/objects/11/5d04c91258-1705766102/beleuchtung_2.jpg,""
278,Beleuchtung,11,Gegenüber von,,,ceiling,,false,false,"",true,false,http://parkhaus.digitalisat.com/media/pages/objects/11/5d04c91258-1705766102/beleuchtung_2.jpg,""
279,Beleuchtung,11,Gegenüber von,,,ceiling,,false,false,"",true,false,http://parkhaus.digitalisat.com/media/pages/objects/11/b2d12b6627-1705766386/beleuchtung.jpg,""
280,Beleuchtung,11,Gegenüber von,,,ceiling,,false,false,"",true,false,http://parkhaus.digitalisat.com/media/pages/objects/11/b2d12b6627-1705766386/beleuchtung.jpg,""
281,Beleuchtung,11,Gegenüber von,,,ceiling,,false,false,"",true,false,http://parkhaus.digitalisat.com/media/pages/objects/11/b2d12b6627-1705766386/beleuchtung.jpg,""
282,Beleuchtung,11,Gegenüber von,,,ceiling,,false,false,"",true,false,http://parkhaus.digitalisat.com/media/pages/objects/11/24d9fa8c9c-1705765927/leuchte-aussfahrt.jpg,""
283,Beleuchtung,11,Gegenüber von,,,ceiling,,false,false,"",true,false,http://parkhaus.digitalisat.com/media/pages/objects/11/b2d12b6627-1705766386/beleuchtung.jpg,""
284,Bewegungsmelder,11,Vor,,,ceiling,grey,false,false,"",true,false,http://parkhaus.digitalisat.com/media/pages/objects/11/8ae44b90a1-1707582507/img_7376.jpg,""
285,Bewegungsmelder,11,Vor,,,ceiling,grey,false,false,"",true,false,http://parkhaus.digitalisat.com/media/pages/objects/11/7389acb5b7-1707582431/img_7374.jpg,""
286,Feuerlöscher,11,Gegenüber von,,,column,red,true,true,"TOTAL Feuerlöscher",false,false,http://parkhaus.digitalisat.com/media/pages/objects/11/474dd437e9-1705765853/feuerloescher.jpg,""
287,Feuerlöscher,11,Gegenüber von,,,wall,red,true,true,"TOTAL Feuerlöscher",false,false,http://parkhaus.digitalisat.com/media/pages/objects/11/23bbd75af2-1705765289/feuerloescher-2.jpg,""
288,Mülleimer,11,Gegenüber von,,,column,orange,true,false,"",false,false,http://parkhaus.digitalisat.com/media/pages/objects/11/1e7b7f6116-1705765794/muelleimer.jpg,""
289,Steckdose,11,Gegenüber von,,,wall,grey,true,true,"TEP",true,false,http://parkhaus.digitalisat.com/media/pages/objects/11/848d3150ba-1707582379/img_7373.jpg,""
290,Steckdose,11,Gegenüber von,,,wall,grey,true,true,"TEP",true,false,http://parkhaus.digitalisat.com/media/pages/objects/11/f6cebbbace-1706624221/img_6975.jpg,""
291,Telefon,11,Gegenüber von,,,wall,grey,false,true,"1234567890",true,false,http://parkhaus.digitalisat.com/media/pages/objects/11/d2ce91041a-1705765742/telefon-feuermelder.jpg,""
292,Absperrung,12,Gegenüber von,,,floor,red,false,false,"",false,false,http://parkhaus.digitalisat.com/media/pages/objects/12/d2923a387a-1707589513/img_6948.jpg,""
293,Alarm,12,Gegenüber von,,,wall,red,true,true,"5012/01",true,false,http://parkhaus.digitalisat.com/media/pages/objects/12/1a40607cce-1706622820/img_6962.jpg,""
294,Ampel,12,Neben,,,wall,red,false,false,"",true,false,http://parkhaus.digitalisat.com/media/pages/objects/12/99d2f45c36-1706623215/img_6949.jpg,""
295,Beleuchtung,12,Vor,,,ceiling,,false,false,"",true,false,http://parkhaus.digitalisat.com/media/pages/objects/12/40f47369bc-1706624102/img_6971.jpg,""
296,Beleuchtung,12,Vor,,,ceiling,,false,false,"",true,false,http://parkhaus.digitalisat.com/media/pages/objects/12/40f47369bc-1706624102/img_6971.jpg,""
297,Beleuchtung,12,Vor,,,ceiling,,false,false,"",true,false,http://parkhaus.digitalisat.com/media/pages/objects/12/40f47369bc-1706624102/img_6971.jpg,""
298,Beleuchtung,12,Vor,,,ceiling,,false,false,"",true,false,http://parkhaus.digitalisat.com/media/pages/objects/12/40f47369bc-1706624102/img_6971.jpg,""
299,Beleuchtung,12,Vor,,,ceiling,,false,false,"",true,false,http://parkhaus.digitalisat.com/media/pages/objects/12/40f47369bc-1706624102/img_6971.jpg,""
300,Beleuchtung,12,Gegenüber von,,,ceiling,,false,false,"",true,false,http://parkhaus.digitalisat.com/media/pages/objects/12/e7371e9457-1706622869/img_6958.jpg,""
301,Beleuchtung,12,Gegenüber von,,,ceiling,,false,false,"",true,false,http://parkhaus.digitalisat.com/media/pages/objects/12/40f47369bc-1706624102/img_6971.jpg,""
302,Beleuchtung,12,Vor,,,ceiling,,false,false,"",true,false,http://parkhaus.digitalisat.com/media/pages/objects/12/40f47369bc-1706624102/img_6971.jpg,""
303,Bewegungsmelder,12,Neben,,,column,grey,false,false,"",true,false,http://parkhaus.digitalisat.com/media/pages/objects/12/52d395022d-1707582318/img_7370.jpg,""
304,Bewegungsmelder,12,Vor,,,ceiling,grey,false,false,"",true,false,http://parkhaus.digitalisat.com/media/pages/objects/12/14900586c7-1707582209/img_7365.jpg,""
305,Feuerlöscher,12,Gegenüber von,,,column,red,true,true,"TOTAL FEUERLÖSCHER",false,false,http://parkhaus.digitalisat.com/media/pages/objects/12/9e3bb1c08a-1706622393/img_6966.jpg,""
306,Kamera,12,Zwischen,,30,ceiling,black,false,false,"",true,false,http://parkhaus.digitalisat.com/media/pages/objects/12/bfe6cdb54c-1706622949/img_6954.jpg,""
307,Mülleimer,12,Gegenüber von,,,wall,black,false,false,"",false,true,http://parkhaus.digitalisat.com/media/pages/objects/12/848992ba53-1706622621/img_6965.jpg,""
308,Schranke,12,Gegenüber von,,,floor,yellow,true,false,"",true,false,http://parkhaus.digitalisat.com/media/pages/objects/12/c82523ce3e-1706623049/img_6952.jpg,""
309,Steckdose,12,Gegenüber von,,,wall,grey,true,true,"TEP",true,false,http://parkhaus.digitalisat.com/media/pages/objects/12/0aa8c540b2-1707582274/img_7367.jpg,""
310,Telefon,12,Gegenüber von,,,wall,grey,false,true,"1234567890",true,true,http://parkhaus.digitalisat.com/media/pages/objects/12/71d43212d7-1706622748/img_6963.jpg,""
