ID,Etage,Verortung,Parkplatz,Parkplatz,Position,Reflektiert,Symbole,Typografie,Inhalt,Farbe,Zweck,Richtung,Beleuchtet,Beschädigt,Beidseitig,Für wen,Foto,Notizen
1,1,,,,door,false,false,true,"Eingang Parkhaus",black,note,,false,true,false,"pedestrian",http://parkhaus.digitalisat.com/media/pages/signs/1/bf7ed1cdc1-1706627338/img_7241.jpg,""
2,1,,,,wall,true,false,true,"Parkhausordnung",white,note,,false,true,false,"pedestrian",http://parkhaus.digitalisat.com/media/pages/signs/1/500019272c-1706627462/img_7242.jpg,""
3,1,,,,wall,false,false,true,"Vor Abholung des Pkw Parkgebühren bezahlen",yellow,note,,false,true,false,"pedestrian",http://parkhaus.digitalisat.com/media/pages/signs/1/0359c69c58-1706627525/img_7245.jpg,""
4,1,,,,wall,false,false,true,"Hausflur freihalten!",white,note,,false,true,false,"pedestrian",http://parkhaus.digitalisat.com/media/pages/signs/1/8fdda0b44c-1706627588/img_7248.jpg,""
5,1,,,,door,false,false,false,"",black,orientation,right,false,false,false,"pedestrian",http://parkhaus.digitalisat.com/media/pages/signs/1/7cd4165ad6-1706627621/img_7252.jpg,""
6,1,,,,column,false,true,true,"VORSICHT Rutschgefahr",red,note,,false,false,false,"driver",http://parkhaus.digitalisat.com/media/pages/signs/1/5aa7dcf4c0-1706627925/img_7255.jpg,""
7,1,,,,wall,false,false,true,"1,95m",red,note,,false,false,false,"driver",http://parkhaus.digitalisat.com/media/pages/signs/1/5aa7dcf4c0-1706627925/img_7255.jpg,""
8,1,,,,wall,false,true,true,"Hoffschild Reitsport - Center",green,note,,false,false,false,"pedestrian",http://parkhaus.digitalisat.com/media/pages/signs/1/57a272f0d1-1706632902/img_7256.jpg,""
9,1,,,,wall,false,true,true,"ACHTUNG",red,note,,false,true,false,"driver",http://parkhaus.digitalisat.com/media/pages/signs/1/57a272f0d1-1706632902/img_7256.jpg,""
10,1,,,,wall,true,false,true,"Bei technischen Störungen oder Probleme mit der Parkkarte.",red,orientation,left,false,false,false,"pedestrian",http://parkhaus.digitalisat.com/media/pages/signs/1/acfa07dfcf-1706633002/img_7258.jpg,""
11,1,,,,wall,false,false,true,"VOR ABHOLUNG DES PKW PARKGEBÜHREN BEZAHLEN",red,note,,false,true,false,"pedestrian",http://parkhaus.digitalisat.com/media/pages/signs/1/17289a12d6-1706633051/img_7260.jpg,""
12,1,,,,column,false,false,false,"",blue,orientation,left,false,true,false,"driver",http://parkhaus.digitalisat.com/media/pages/signs/1/b0e2dd5639-1706633101/img_7263.jpg,""
13,1,,,,column,false,false,true,"1,95m",red,note,,false,false,false,"driver",http://parkhaus.digitalisat.com/media/pages/signs/1/9e6a40825f-1706633332/img_7265.jpg,""
14,1,,,,column,false,true,true,"P Deck 3",blue,note,,false,false,false,"driver",http://parkhaus.digitalisat.com/media/pages/signs/1/9e6a40825f-1706633332/img_7265.jpg,""
15,1,,,,floor,false,true,true,"Werben Sie mit uns!",blue,note,,true,false,false,"driver",http://parkhaus.digitalisat.com/media/pages/signs/1/6a03247b75-1706633557/img_7267.jpg,""
16,1,,,,floor,false,false,true,"An alle DauerParkKunden",white,note,,false,false,false,"driver",http://parkhaus.digitalisat.com/media/pages/signs/1/7016c5d3ce-1706633654/img_7269.jpg,""
17,1,,,,column,false,false,true,"KURZZEITPARKER DAUERPARKER max. Einfahrthöhe 1,95m",red,note,,false,true,false,"driver",http://parkhaus.digitalisat.com/media/pages/signs/1/842842d3fc-1706633745/img_7270.jpg,""
18,1,,,,wall,false,true,true,"BESETZT FREI",blue,note,,true,true,false,"driver, pedestrian",http://parkhaus.digitalisat.com/media/pages/signs/1/15217726e3-1706633814/img_7273.jpg,""
19,1,,,,floor,false,false,true,"DURCHGEHEND GEÖFFNET",brown,note,,false,true,false,"driver",http://parkhaus.digitalisat.com/media/pages/signs/1/99650bce92-1706711541/img_7274.jpg,""
20,1,,,,column,false,false,false,"",blue,orientation,left,false,false,false,"driver",http://parkhaus.digitalisat.com/media/pages/signs/1/3c758ab22a-1706711711/img_7275.jpg,""
21,1,,,,column,false,false,true,"STOP",red,note,,false,false,false,"driver",http://parkhaus.digitalisat.com/media/pages/signs/1/3c758ab22a-1706711711/img_7275.jpg,""
22,1,,,,wall,false,true,true,"Rauchen verboten",red,note,,false,false,false,"pedestrian",http://parkhaus.digitalisat.com/media/pages/signs/1/49a4f2ede8-1706711863/img_7278.jpg,""
23,1,,,,column,false,false,true,"Fahrräder abstellen verboten",white,note,,false,true,false,"pedestrian",http://parkhaus.digitalisat.com/media/pages/signs/1/936bdf63a0-1706711929/img_7279.jpg,""
24,1,,,,wall,false,true,true,"PARKHAUS des Internationalen Handelszentrums",yellow,note,,false,true,false,"pedestrian",http://parkhaus.digitalisat.com/media/pages/signs/1/4926b620ec-1706713431/img_7276.jpg,""
25,1,,,,wall,false,true,true,"WERBUNG die in's Auge sticht",pink,note,,false,false,false,"pedestrian",http://parkhaus.digitalisat.com/media/pages/signs/1/4926b620ec-1706713431/img_7276.jpg,""
26,1,,,,wall,false,false,true,"Dussmann Wareneingang",white,orientation,left,false,true,false,"driver",http://parkhaus.digitalisat.com/media/pages/signs/1/4926b620ec-1706713431/img_7276.jpg,""
27,1,,,,wall,false,false,true,"Dussmann Kundenparkhaus",white,orientation,left,false,false,false,"driver",http://parkhaus.digitalisat.com/media/pages/signs/1/4926b620ec-1706713431/img_7276.jpg,""
28,1,,,,wall,false,false,true,"unplattba Reifen Serv",blue,orientation,left,false,true,false,"pedestrian",http://parkhaus.digitalisat.com/media/pages/signs/1/4926b620ec-1706713431/img_7276.jpg,""
29,1,,,,wall,false,false,false,"",grey,,,false,true,false,"",http://parkhaus.digitalisat.com/media/pages/signs/1/284adacf5c-1706715348/bildschirmfoto-2024-01-31-um-16.35.35.png,""
30,1,,,,wall,,false,true,"30",black,note,,false,false,false,"pedestrian, driver",http://parkhaus.digitalisat.com/media/pages/signs/1/c7af57ebf2-1707574947/img_7364.jpeg,""
31,1,,,,,,true,true,"WERBUNG die in's Auge sticht",pink,note,,false,false,false,"pedestrian",,""
32,1,,,,ceiling,true,true,true,"Parkgebühren",yellow,note,,false,false,true,"pedestrian",http://parkhaus.digitalisat.com/media/pages/signs/1/0b3bea6ad8-1706627748/img_7254.jpg,""
33,1,,,,ceiling,,false,false,"",yellow,,,false,false,true,"pedestrian",,""
34,1,,,,wall,false,true,true,"fahrradstation",orange,note,,true,false,true,"pedestrian",http://parkhaus.digitalisat.com/media/pages/signs/1/4926b620ec-1706713431/img_7276.jpg,""
35,1,,,,wall,,true,true,"fahrradstation",orange,note,,true,false,true,"pedestrian",,""
36,1,,,,wall,false,true,true,"Dorotheenstraße 30, FREI | BESETZT",blue,orientation,left,true,true,true,"driver",http://parkhaus.digitalisat.com/media/pages/signs/1/e8ef9b9b24-1706712054/img_7277.jpg,""
37,1,,,,wall,,true,true,"Dorotheenstraße 30, FREI | BESETZT",blue,orientation,right,true,false,true,"driver, pedestrian",,""
38,1,,,,ceiling,false,true,true,"EINFAHRT",green,note,,false,false,true,"driver",http://parkhaus.digitalisat.com/media/pages/signs/1/b11f90fdbb-1706633597/img_7268.jpg,""
39,1,,,,ceiling,,false,false,"",green,,,false,false,true,"",,""
40,1,,,,ceiling,false,true,true,"AUSFAHRT",red,note,,false,false,true,"driver",http://parkhaus.digitalisat.com/media/pages/signs/1/b197d61973-1706633373/img_7266.jpg,""
41,1,,,,ceiling,,false,false,"",red,,,false,false,true,"",,""
42,2,Gegenüber von,,,wall,false,false,false,"",red,note,,false,true,false,"driver",http://parkhaus.digitalisat.com/media/pages/signs/2/06430afa6d-1706373302/img_1010-3.jpg,""
43,2,Vor,,,ceiling,true,true,false,"",green,orientation,right,true,false,true,"pedestrian",http://parkhaus.digitalisat.com/media/pages/signs/2/eefa9892a1-1706373359/img_1011-3.jpg,""
44,2,Vor,,,ceiling,true,true,false,"",green,orientation,left,true,false,true,"pedestrian",http://parkhaus.digitalisat.com/media/pages/signs/2/22181bbe37-1706373399/img_1012-3.jpg,""
45,2,Vor,,,ceiling,true,false,true,"Ausgang",green,orientation,left,true,false,true,"pedestrian",http://parkhaus.digitalisat.com/media/pages/signs/2/fc36460368-1706373462/img_1014-3.jpg,""
46,2,Vor,,,ceiling,true,false,true,"Ausgang",green,orientation,right,true,false,true,"pedestrian",http://parkhaus.digitalisat.com/media/pages/signs/2/06244833e8-1706373844/img_1015-3.jpg,""
47,2,Gegenüber von,,,column,false,true,false,"",green,orientation,left,false,true,false,"pedestrian",http://parkhaus.digitalisat.com/media/pages/signs/2/50f5d36977-1706373887/img_1017-3.jpg,""
48,2,Gegenüber von,,,wall,true,true,false,"",green,orientation,bottom,true,false,false,"pedestrian",http://parkhaus.digitalisat.com/media/pages/signs/2/014d2814e9-1706373929/img_1020-3.jpg,""
49,2,Gegenüber von,,,door,false,false,true,"Ausgang/Exit",black,note,,false,false,false,"pedestrian",http://parkhaus.digitalisat.com/media/pages/signs/2/3f2705f94f-1706374054/img_1021-3.jpg,""
50,2,Gegenüber von,,,wall,false,true,true,"Rauchen verboten",red,note,,false,false,false,"pedestrian",http://parkhaus.digitalisat.com/media/pages/signs/2/656c63483a-1706374123/img_1022-3.jpg,""
51,2,Gegenüber von,,,wall,false,false,false,"",red,note,,false,false,false,"driver",http://parkhaus.digitalisat.com/media/pages/signs/2/09d3debaf3-1706374185/img_1024-3.jpg,""
52,2,Auf,,,wall,false,false,true,"DAMEN PARKDECK",yellow,note,,false,false,false,"driver",http://parkhaus.digitalisat.com/media/pages/signs/2/31af25dfcc-1706374351/img_1025-3.jpg,""
53,2,Gegenüber von,,,wall,false,true,false,"",red,note,,false,false,false,"pedestrian",http://parkhaus.digitalisat.com/media/pages/signs/2/33be24ed8b-1706374411/img_1026-3.jpg,""
54,2,Vor,,,ceiling,false,false,false,"",blue,orientation,bottom,false,true,true,"driver",http://parkhaus.digitalisat.com/media/pages/signs/2/beece58f4d-1706374631/img_1027-3.jpg,""
55,2,Vor,,,ceiling,false,false,false,"",red,note,,false,true,true,"driver",http://parkhaus.digitalisat.com/media/pages/signs/2/a7c06e7d65-1706374986/img_1033-3.jpg,""
56,2,Gegenüber von,,,column,false,false,true,"AUSFAHRT",black,orientation,bottom,false,true,false,"driver",http://parkhaus.digitalisat.com/media/pages/signs/2/106c8f9c1a-1706374569/img_1185.jpg,""
57,2,Gegenüber von,,,wall,false,false,false,"",red,note,,false,false,false,"driver",http://parkhaus.digitalisat.com/media/pages/signs/2/eb57dfb8c1-1706374681/img_1028-3.jpg,""
58,2,Auf,,,column,false,true,true,"VORSICHT Rutschgefahr",red,note,,false,true,false,"driver",http://parkhaus.digitalisat.com/media/pages/signs/2/3b604db667-1706374793/img_1029-3.jpg,""
59,2,Auf,,,column,false,false,false,"",blue,orientation,right,false,true,false,"driver",http://parkhaus.digitalisat.com/media/pages/signs/2/3b604db667-1706374793/img_1029-3.jpg,""
60,2,Auf,,,wall,false,false,true,"DAMEN PARKDECK",yellow,note,,false,false,false,"driver",http://parkhaus.digitalisat.com/media/pages/signs/2/62aece645d-1706374838/img_1030-3.jpg,""
61,2,Auf,,,wall,false,false,false,"",blue,orientation,left,false,false,false,"driver",http://parkhaus.digitalisat.com/media/pages/signs/2/9b0008e76e-1706374877/img_1031-3.jpg,""
62,2,Auf,,,wall,false,false,true,"DAMEN PARKDECK",yellow,,,false,false,false,"driver",http://parkhaus.digitalisat.com/media/pages/signs/2/0ed470df8c-1706375261/img_1034-3.jpg,""
63,2,Auf,,,wall,false,false,true,"DAMEN PARKDECK",yellow,note,,false,false,false,"driver",http://parkhaus.digitalisat.com/media/pages/signs/2/62b3a28de7-1706375309/img_1035-3.jpg,""
64,2,Auf,,,wall,false,true,false,"",green,orientation,right,false,false,false,"pedestrian",http://parkhaus.digitalisat.com/media/pages/signs/2/0ea89308f6-1706375370/img_1038-3.jpg,""
65,2,Auf,,,wall,false,false,true,"DAMEN PARKDECK",yellow,note,,false,false,false,"driver",http://parkhaus.digitalisat.com/media/pages/signs/2/6623964257-1706375398/img_1039-3.jpg,""
66,2,Auf,,,wall,false,false,false,"",blue,note,left,false,true,false,"driver",http://parkhaus.digitalisat.com/media/pages/signs/2/dbad474f70-1706375440/img_1040-3.jpg,""
67,2,Auf,,,wall,false,false,false,"",blue,orientation,right,false,true,false,"driver",http://parkhaus.digitalisat.com/media/pages/signs/2/e28195e7a9-1706375475/img_1041-3.jpg,""
68,2,Auf,,,wall,false,false,false,"",yellow,note,,false,false,false,"driver",http://parkhaus.digitalisat.com/media/pages/signs/2/7567751f1b-1706375501/img_1042-3.jpg,""
69,2,Auf,,,wall,false,false,false,"",blue,note,,false,false,false,"driver",http://parkhaus.digitalisat.com/media/pages/signs/2/c6c5a4b264-1706375539/img_1044-3.jpg,""
70,2,Auf,,,wall,false,false,true,"DAMEN PARKDECK",yellow,note,,false,false,false,"driver",http://parkhaus.digitalisat.com/media/pages/signs/2/33f17bac68-1706375573/img_1045-3.jpg,""
71,2,Gegenüber von,,,wall,false,false,true,"AUFFAHRT",black,orientation,top,false,true,false,"driver",http://parkhaus.digitalisat.com/media/pages/signs/2/aac3c278cc-1706375665/img_1046-3.jpg,""
72,2,Gegenüber von,,,wall,false,true,false,"",red,note,,false,true,false,"pedestrian",http://parkhaus.digitalisat.com/media/pages/signs/2/495a15b4f1-1706375734/img_1049-3.jpg,""
73,2,Auf,,,wall,false,false,true,"DAMEN PARKDECK",yellow,note,,false,false,false,"driver",http://parkhaus.digitalisat.com/media/pages/signs/2/159e4da26a-1706375993/img_1053-3.jpg,""
74,2,Gegenüber von,,,wall,true,true,false,"",green,orientation,bottom,true,false,false,"pedestrian",http://parkhaus.digitalisat.com/media/pages/signs/2/53640a9d3a-1706375947/img_1052-3.jpg,""
75,2,Auf,,,wall,false,true,false,"",green,orientation,left,false,false,false,"pedestrian",http://parkhaus.digitalisat.com/media/pages/signs/2/159e4da26a-1706375993/img_1053-3.jpg,""
76,2,Vor,,,ceiling,true,true,false,"",green,orientation,left,true,false,true,"pedestrian",http://parkhaus.digitalisat.com/media/pages/signs/2/4941701301-1706376032/img_1054-3.jpg,""
77,2,Vor,,,ceiling,,true,false,"",green,orientation,right,true,false,true,"pedestrian",,""
78,2,Zwischen,,12,wall,false,false,false,"",red,note,,false,false,false,"driver",http://parkhaus.digitalisat.com/media/pages/signs/2/72c88e24b2-1706376089/img_1056-3.jpg,""
79,2,Auf,,,wall,true,false,true,"RESERV",black,note,,false,false,false,"driver",http://parkhaus.digitalisat.com/media/pages/signs/2/f6c09b1d2b-1706376127/img_1057-3.jpg,""
80,2,Auf,,,wall,true,false,true,"RESERV",black,note,,false,false,false,"driver",http://parkhaus.digitalisat.com/media/pages/signs/2/9b9baaabcf-1706376169/img_1058-3.jpg,""
81,2,Gegenüber von,,,wall,false,false,true,"PARKDECK",yellow,orientation,right,false,true,false,"driver",http://parkhaus.digitalisat.com/media/pages/signs/2/0361a017f8-1706377749/img_1190.jpg,""
82,3,Neben,,,column,true,true,true,"P",blue,note,,false,false,false,"driver",http://parkhaus.digitalisat.com/media/pages/signs/3/3a893dc973-1706357144/image1.jpg,""
83,3,Auf,,,wall,false,true,true,"P",blue,note,,false,false,false,"driver",http://parkhaus.digitalisat.com/media/pages/signs/3/869de7c3c1-1706357244/image2.jpg,""
84,3,Auf,,,wall,false,true,true,"P",blue,note,,false,false,false,"driver",http://parkhaus.digitalisat.com/media/pages/signs/3/e6b7f5233b-1706357280/image3.jpg,""
85,3,Neben,,,column,true,true,true,"P",blue,note,,false,false,false,"driver",http://parkhaus.digitalisat.com/media/pages/signs/3/82e1e0856f-1706357332/image4.jpg,""
86,3,Vor,,,ceiling,false,true,false,"",blue,orientation,bottom,false,false,false,"driver",http://parkhaus.digitalisat.com/media/pages/signs/3/de68a2465b-1706357399/image5.jpg,""
87,3,Vor,,,wall,true,true,true,"AUSFAHRT",red,orientation,right,false,false,false,"driver",http://parkhaus.digitalisat.com/media/pages/signs/3/de68a2465b-1706357399/image5.jpg,""
88,3,Gegenüber von,,,column,false,true,true,"AUSFAHRT",black,orientation,bottom,false,false,false,"driver",http://parkhaus.digitalisat.com/media/pages/signs/3/de68a2465b-1706357399/image5.jpg,""
89,3,Gegenüber von,,,column,false,true,false,"",green,orientation,right,false,false,false,"pedestrian",http://parkhaus.digitalisat.com/media/pages/signs/3/7f0f2f4e23-1706357579/image6.jpg,""
90,3,Gegenüber von,,,door,false,false,true,"Ausgang/Exit",black,note,,false,false,false,"pedestrian",http://parkhaus.digitalisat.com/media/pages/signs/3/ccacb71db4-1706357648/image7.jpg,""
91,3,Gegenüber von,,,wall,false,false,true,"AUSGANG",red,note,,false,false,false,"pedestrian",http://parkhaus.digitalisat.com/media/pages/signs/3/b1b9347012-1706357720/image8.jpg,""
92,3,Gegenüber von,,,ceiling,true,true,false,"Ausgang",green,orientation,right,true,false,true,"pedestrian",http://parkhaus.digitalisat.com/media/pages/signs/3/fced2b1a2c-1706357798/image9.jpg,""
93,3,Gegenüber von,,,column,false,true,false,"",green,orientation,right,false,false,false,"pedestrian",http://parkhaus.digitalisat.com/media/pages/signs/3/7c5cbe96a0-1706378218/img_1191.jpg,""
94,3,Gegenüber von,,,column,false,false,true,"AUSFAHRT",black,orientation,bottom,false,true,false,"driver",http://parkhaus.digitalisat.com/media/pages/signs/3/e9db760824-1706378310/img_1068-3.jpg,""
95,3,Vor,,,wall,false,true,true,"AUSFAHRT",blue,orientation,right,false,false,false,"driver",http://parkhaus.digitalisat.com/media/pages/signs/3/6a0f9d4457-1706378356/img_1069-3.jpg,""
96,3,Gegenüber von,,,wall,true,true,false,"",green,orientation,bottom,true,false,false,"pedestrian",http://parkhaus.digitalisat.com/media/pages/signs/3/f19c1a37d1-1706378507/img_1067-3.jpg,""
97,3,Vor,,,ceiling,true,true,false,"",green,orientation,left,true,false,true,"pedestrian",http://parkhaus.digitalisat.com/media/pages/signs/3/9f3314773e-1706378685/img_1074-3.jpg,""
98,3,Vor,,,ceiling,true,true,false,"",green,orientation,right,true,false,true,"pedestrian",http://parkhaus.digitalisat.com/media/pages/signs/3/3137af1ef6-1706378719/img_1075-3.jpg,""
99,3,Gegenüber von,,,wall,false,true,false,"",red,note,,false,true,false,"pedestrian",http://parkhaus.digitalisat.com/media/pages/signs/3/a29c5f8aca-1706378784/img_1077-3.jpg,""
100,3,Gegenüber von,,,wall,false,false,false,"",red,note,,false,true,false,"driver",http://parkhaus.digitalisat.com/media/pages/signs/3/de08ee8473-1706378907/img_1078-3.jpg,""
101,3,Auf,,,column,false,false,false,"",blue,orientation,right,false,false,false,"driver",http://parkhaus.digitalisat.com/media/pages/signs/3/9238e0577b-1706378953/img_1079-3.jpg,""
102,3,Auf,,,wall,false,true,false,"",green,orientation,right,false,false,false,"pedestrian",http://parkhaus.digitalisat.com/media/pages/signs/3/68562a51c2-1706379042/img_1080-3.jpg,""
103,3,Gegenüber von,,,wall,false,true,false,"",red,note,,false,true,false,"pedestrian",http://parkhaus.digitalisat.com/media/pages/signs/3/fe8d765ebe-1706379093/img_1081-3.jpg,""
104,3,Gegenüber von,,,column,false,false,true,"AUFFAHRT",black,orientation,top,false,true,false,"driver",http://parkhaus.digitalisat.com/media/pages/signs/3/c46d5ba0a2-1706379134/img_1082-3.jpg,""
105,3,Gegenüber von,,,wall,false,false,false,"",red,note,,false,false,false,"driver",http://parkhaus.digitalisat.com/media/pages/signs/3/9f52d27905-1706379172/img_1083-3.jpg,""
106,3,Gegenüber von,,,wall,false,false,false,"",red,note,,false,false,false,"driver",http://parkhaus.digitalisat.com/media/pages/signs/3/a74bfcb154-1706379265/img_1084-3.jpg,""
107,3,Auf,,,wall,false,true,false,"",green,orientation,left,false,false,false,"pedestrian",http://parkhaus.digitalisat.com/media/pages/signs/3/cbe34ae625-1706379296/img_1085-3.jpg,""
108,3,Auf,,,wall,false,true,false,"",green,orientation,right,false,false,false,"pedestrian",http://parkhaus.digitalisat.com/media/pages/signs/3/1d6dbab0fb-1706379326/img_1086-3.jpg,""
109,3,Gegenüber von,,,wall,true,true,false,"",green,orientation,bottom,true,false,false,"pedestrian",http://parkhaus.digitalisat.com/media/pages/signs/3/fb9d77e6be-1706379379/img_1087-3.jpg,""
110,3,Gegenüber von,,,door,false,false,true,"Notausgang",green,note,,false,false,false,"pedestrian",http://parkhaus.digitalisat.com/media/pages/signs/3/7cdd82619c-1706379418/img_1088-3.jpg,""
111,3,Vor,,,ceiling,true,true,false,"",green,orientation,right,true,false,true,"pedestrian",http://parkhaus.digitalisat.com/media/pages/signs/3/99fd2b4740-1706379464/img_1089-3.jpg,""
112,3,Vor,,,ceiling,true,true,false,"",green,orientation,left,true,false,true,"pedestrian",http://parkhaus.digitalisat.com/media/pages/signs/3/bf51e4b11d-1706379497/img_1090-3.jpg,""
113,3,Auf,,,wall,false,true,false,"",green,orientation,right,false,false,false,"pedestrian",http://parkhaus.digitalisat.com/media/pages/signs/3/899385a19a-1706379541/img_1092-3.jpg,""
114,3,Auf,,,column,false,true,true,"VORSICHT Rutschgefahr",red,note,,false,false,false,"driver",http://parkhaus.digitalisat.com/media/pages/signs/3/79366a9e67-1706379642/img_1094-3.jpg,""
115,3,Gegenüber von,,,wall,false,false,false,"",red,note,,false,false,false,"driver",http://parkhaus.digitalisat.com/media/pages/signs/3/6296b85cc2-1706379760/img_1095-3.jpg,""
116,3,Auf,,,wall,false,true,false,"",green,orientation,left,false,false,false,"pedestrian",http://parkhaus.digitalisat.com/media/pages/signs/3/55ffe26c27-1706379805/img_1098-3.jpg,""
117,3,Auf,,,wall,false,true,false,"",green,orientation,right,false,false,false,"pedestrian",http://parkhaus.digitalisat.com/media/pages/signs/3/ead917cfb5-1706379870/img_1100-3.jpg,""
118,3,Gegenüber von,,,ceiling,,false,true,"Ausgang",green,orientation,left,true,false,true,"pedestrian",,""
119,4,Gegenüber von,,,column,false,true,false,"",green,orientation,left,false,false,false,"pedestrian",http://parkhaus.digitalisat.com/media/pages/signs/4/8426c0e52f-1705870481/2024-01-21-9.54.34.png,""
120,4,Vor,,,ceiling,true,false,true,"Ausgang",green,orientation,left,true,true,true,"pedestrian",http://parkhaus.digitalisat.com/media/pages/signs/4/d7f0c9095d-1705870568/2024-01-21-9.56.03.png,""
121,4,Vor,,,ceiling,true,false,true,"Ausgang",green,orientation,right,true,false,true,"pedestrian",http://parkhaus.digitalisat.com/media/pages/signs/4/9586d6c0b8-1705870621/2024-01-21-9.56.56.png,""
122,4,Vor,,,ceiling,true,true,false,"",green,orientation,right,true,false,true,"pedestrian",http://parkhaus.digitalisat.com/media/pages/signs/4/0c0576a6ac-1705870678/2024-01-21-9.57.54.png,""
123,4,Vor,,,ceiling,true,true,false,"",green,orientation,left,true,false,true,"pedestrian",http://parkhaus.digitalisat.com/media/pages/signs/4/331b445220-1705870717/2024-01-21-9.58.33.png,""
124,4,Auf,,,wall,false,false,false,"",blue,orientation,right,false,false,false,"driver",http://parkhaus.digitalisat.com/media/pages/signs/4/b513b40a6b-1705870778/2024-01-21-9.59.34.png,""
125,4,Auf,,,wall,false,true,false,"",green,orientation,left,false,false,false,"pedestrian",http://parkhaus.digitalisat.com/media/pages/signs/4/20ae466a20-1705870822/2024-01-21-10.00.18.png,""
126,4,Auf,,,wall,false,false,false,"",blue,orientation,left,false,true,false,"driver",http://parkhaus.digitalisat.com/media/pages/signs/4/0f27a4332e-1705870860/2024-01-21-10.00.57.png,""
127,4,Auf,,,wall,false,false,false,"",blue,orientation,right,false,false,false,"driver",http://parkhaus.digitalisat.com/media/pages/signs/4/061beac671-1705871187/2024-01-21-10.06.23.png,""
128,4,Auf,,,wall,false,true,false,"",green,orientation,right,false,false,false,"pedestrian",http://parkhaus.digitalisat.com/media/pages/signs/4/9e056e1957-1705871220/2024-01-21-10.06.57.png,""
129,4,Auf,,,wall,false,false,false,"",blue,orientation,left,false,false,false,"driver",http://parkhaus.digitalisat.com/media/pages/signs/4/6582532ffc-1705871255/2024-01-21-10.07.31.png,""
130,4,Auf,,,wall,false,false,false,"",blue,orientation,right,false,false,false,"driver",http://parkhaus.digitalisat.com/media/pages/signs/4/713600c468-1705871290/2024-01-21-10.08.07.png,""
131,4,Auf,,,wall,false,false,false,"",blue,orientation,left,false,false,false,"driver",http://parkhaus.digitalisat.com/media/pages/signs/4/b9952bc886-1705871332/2024-01-21-10.08.49.png,""
132,4,Vor,,,ceiling,false,false,false,"",blue,orientation,top,false,true,true,"driver",http://parkhaus.digitalisat.com/media/pages/signs/4/bc99949465-1705871379/2024-01-21-10.09.35.png,""
133,4,Vor,,,ceiling,false,false,false,"",blue,orientation,,false,true,true,"driver",http://parkhaus.digitalisat.com/media/pages/signs/4/f897b5ee7f-1705871420/2024-01-21-10.10.17.png,""
134,4,Vor,,,ceiling,false,false,false,"",red,orientation,,false,true,true,"driver",http://parkhaus.digitalisat.com/media/pages/signs/4/3b7b8b2547-1705872344/2024-01-21-10.25.40.png,""
135,4,Vor,,,ceiling,false,false,false,"",blue,orientation,top,false,true,true,"driver",http://parkhaus.digitalisat.com/media/pages/signs/4/0a7a925455-1705872335/2024-01-21-10.25.31.png,""
136,4,Vor,,,ceiling,true,true,false,"",green,orientation,right,true,false,true,"pedestrian",http://parkhaus.digitalisat.com/media/pages/signs/4/8f3e94c9cf-1705872435/2024-01-21-10.27.11.png,""
137,4,Vor,,,ceiling,true,true,false,"",green,orientation,left,true,false,true,"pedestrian",http://parkhaus.digitalisat.com/media/pages/signs/4/0cd5508c28-1705872464/2024-01-21-10.27.41.png,""
138,4,Auf,,,wall,false,true,false,"",green,,left,false,false,false,"pedestrian",http://parkhaus.digitalisat.com/media/pages/signs/4/0e9eab8021-1705872496/2024-01-21-10.28.12.png,""
139,4,Gegenüber von,,,wall,false,false,true,"Notausgang",green,note,,false,false,false,"pedestrian",http://parkhaus.digitalisat.com/media/pages/signs/4/3c63431515-1705872533/2024-01-21-10.28.48.png,""
140,4,Gegenüber von,,,wall,true,true,false,"",green,orientation,bottom,true,false,false,"pedestrian",http://parkhaus.digitalisat.com/media/pages/signs/4/1885252067-1705872569/2024-01-21-10.29.26.png,""
141,4,Gegenüber von,,,wall,false,false,true,"Auffahrt",black,orientation,top,false,true,false,"driver",http://parkhaus.digitalisat.com/media/pages/signs/4/8c46b32da4-1705872621/2024-01-21-10.30.17.png,""
142,4,Gegenüber von,,,wall,false,false,false,"",red,note,,false,false,false,"driver",http://parkhaus.digitalisat.com/media/pages/signs/4/8edbff1186-1705872656/2024-01-21-10.30.53.png,""
143,4,Gegenüber von,,,wall,false,true,false,"",red,note,,false,false,false,"pedestrian",http://parkhaus.digitalisat.com/media/pages/signs/4/79964b0ff0-1705872722/2024-01-21-10.31.58.png,""
144,4,Gegenüber von,,,column,false,false,true,"Ausfahrt",black,orientation,bottom,false,true,false,"driver",http://parkhaus.digitalisat.com/media/pages/signs/4/fda3ec39bf-1705872770/2024-01-21-10.32.45.png,""
145,4,Gegenüber von,,,wall,false,false,false,"",red,note,,false,false,false,"driver",http://parkhaus.digitalisat.com/media/pages/signs/4/4d9d0b9fde-1705872805/2024-01-21-10.33.21.png,""
146,5,Gegenüber von,,,wall,true,true,false,"",green,orientation,bottom,true,false,false,"pedestrian",http://parkhaus.digitalisat.com/media/pages/signs/5/4978984baf-1706382475/img_1120-3.jpg,""
147,5,Gegenüber von,,,door,false,false,true,"Ausgang/Exit",black,note,,false,false,false,"pedestrian",http://parkhaus.digitalisat.com/media/pages/signs/5/061357641a-1706382524/img_1121-3.jpg,""
148,5,Gegenüber von,,,column,false,true,false,"",green,orientation,right,false,true,false,"pedestrian",http://parkhaus.digitalisat.com/media/pages/signs/5/9790c73221-1706382572/img_1122-3.jpg,""
149,5,Gegenüber von,,,column,false,false,true,"AUSFAHRT",black,orientation,bottom,false,true,false,"driver",http://parkhaus.digitalisat.com/media/pages/signs/5/713e9f7937-1706382664/img_1124-3.jpg,""
150,5,Vor,,,wall,false,false,true,"AUSFAHRT",red,orientation,right,false,false,false,"driver",http://parkhaus.digitalisat.com/media/pages/signs/5/9544e465b2-1706382711/img_1126-3.jpg,""
151,5,Auf,,,column,true,false,true,"RESERV",black,note,,false,true,false,"driver",http://parkhaus.digitalisat.com/media/pages/signs/5/bd0b7fce75-1706382755/img_1127-3.jpg,""
152,5,Auf,,,door,false,true,true,"",black,note,,false,false,false,"driver",http://parkhaus.digitalisat.com/media/pages/signs/5/61e956f44e-1706382872/img_1128-3.jpg,""
153,5,Auf,,,wall,true,false,true,"RESERV",black,note,,false,false,false,"driver",http://parkhaus.digitalisat.com/media/pages/signs/5/19b77f9093-1706382980/img_1129-3.jpg,""
154,5,Auf,,,wall,false,true,true,"Reserviert",blue,note,,false,false,false,"driver",http://parkhaus.digitalisat.com/media/pages/signs/5/19b77f9093-1706382980/img_1129-3.jpg,""
155,5,Vor,,,ceiling,false,false,false,"",blue,orientation,bottom,false,false,true,"driver",http://parkhaus.digitalisat.com/media/pages/signs/5/0615bc19c4-1706383058/img_1130-3.jpg,""
156,5,Vor,,,ceiling,true,false,true,"Ausgang",green,orientation,left,true,true,true,"pedestrian",http://parkhaus.digitalisat.com/media/pages/signs/5/b528eb5aba-1706383118/img_1131-3.jpg,""
157,5,Gegenüber von,,,ceiling,true,false,true,"Ausgang",green,orientation,right,true,true,true,"pedestrian",http://parkhaus.digitalisat.com/media/pages/signs/5/07000c0c47-1706383173/img_1132-3.jpg,""
158,5,Gegenüber von,,,ceiling,true,true,false,"",green,orientation,right,true,false,true,"pedestrian",http://parkhaus.digitalisat.com/media/pages/signs/5/628331a549-1706383213/img_1133-3.jpg,""
159,5,Vor,,,ceiling,true,true,false,"",green,orientation,left,true,false,true,"pedestrian",http://parkhaus.digitalisat.com/media/pages/signs/5/85f79e7670-1706383243/img_1134-3.jpg,""
160,5,Gegenüber von,,,wall,false,false,false,"",red,note,,false,false,false,"driver",http://parkhaus.digitalisat.com/media/pages/signs/5/5cf0aebdef-1706383312/img_1135-3.jpg,""
161,5,Gegenüber von,,,wall,false,false,false,"",blue,orientation,right,false,false,false,"driver",http://parkhaus.digitalisat.com/media/pages/signs/5/bcc415fb41-1706622450/img_1136-3.jpg,""
162,5,Gegenüber von,,,column,false,false,true,"AUFFAHRT",black,orientation,top,false,true,false,"driver",http://parkhaus.digitalisat.com/media/pages/signs/5/36fa2e102c-1706622567/img_1137-3.jpg,""
163,5,Auf,,,column,false,false,false,"",green,orientation,left,false,true,false,"pedestrian",http://parkhaus.digitalisat.com/media/pages/signs/5/f6b87772aa-1706622690/img_1139-3.jpg,""
164,5,Auf,,,wall,false,false,false,"",green,orientation,right,false,true,false,"pedestrian",http://parkhaus.digitalisat.com/media/pages/signs/5/bcc342c102-1706622873/img_1141-2.jpg,""
165,5,Gegenüber von,,,wall,false,false,false,"",red,note,,false,false,false,"driver",http://parkhaus.digitalisat.com/media/pages/signs/5/6369f5e9b9-1706622931/img_1142-3.jpg,""
166,5,Vor,,,ceiling,true,true,false,"",green,orientation,right,true,false,true,"pedestrian",http://parkhaus.digitalisat.com/media/pages/signs/5/a47805eee5-1706623019/img_1144-3.jpg,""
167,5,Vor,,,ceiling,true,true,false,"",green,orientation,left,true,false,true,"pedestrian",http://parkhaus.digitalisat.com/media/pages/signs/5/6e5ee873e9-1706623051/img_1143-3.jpg,""
168,5,Gegenüber von,,,wall,true,true,false,"",green,orientation,bottom,true,true,false,"pedestrian",http://parkhaus.digitalisat.com/media/pages/signs/5/4f65eeea9d-1706623245/img_1147-3.jpg,""
169,5,Gegenüber von,,,door,false,false,true,"Notausgang",green,note,,false,false,false,"pedestrian",http://parkhaus.digitalisat.com/media/pages/signs/5/3246491147-1706623352/img_1148-3.jpg,""
170,5,Auf,,,wall,false,false,true,"RESERV",white,note,,false,true,false,"driver",http://parkhaus.digitalisat.com/media/pages/signs/5/ab53719f47-1706623899/2024-01-30-15.11.28.png,""
171,5,Auf,,,wall,false,false,true,"RESERV",white,note,,false,true,false,"driver",http://parkhaus.digitalisat.com/media/pages/signs/5/8bc03a4e8b-1706624001/2024-01-30-15.13.15.png,""
172,5,Auf,,,wall,false,false,true,"RESERV",white,note,,false,true,false,"driver",http://parkhaus.digitalisat.com/media/pages/signs/5/9d737a573b-1706623962/2024-01-30-15.12.33.png,""
173,5,Vor,,,ceiling,,false,false,"",blue,,,false,false,true,"",,""
174,6,Vor,,,ceiling,false,false,true,"Ausgang",green,orientation,left,true,false,true,"pedestrian",http://parkhaus.digitalisat.com/media/pages/signs/6/d2ca82b912-1706546472/img_7226.jpg,""
175,6,Vor,,,ceiling,false,false,true,"Ausgang",green,orientation,right,true,false,true,"pedestrian",http://parkhaus.digitalisat.com/media/pages/signs/6/24904e4b30-1706546517/img_7225.jpg,""
176,6,Vor,,,ceiling,false,true,false,"",green,orientation,right,true,false,true,"pedestrian",http://parkhaus.digitalisat.com/media/pages/signs/6/59856bb106-1706546572/img_7224.jpg,""
177,6,Vor,,,ceiling,false,true,false,"",green,orientation,left,true,false,true,"pedestrian",http://parkhaus.digitalisat.com/media/pages/signs/6/2ca32ace87-1706546610/img_7223.jpg,""
178,6,Gegenüber von,,,door,false,false,true,"Ausgang/Exit",black,note,,false,false,false,"pedestrian",http://parkhaus.digitalisat.com/media/pages/signs/6/a963d05531-1706546665/img_7229.jpg,""
179,6,Gegenüber von,,,ceiling,false,true,false,"",green,orientation,bottom,true,false,false,"pedestrian",http://parkhaus.digitalisat.com/media/pages/signs/6/29250039bd-1706546711/img_7230.jpg,""
180,6,Gegenüber von,,,column,false,true,false,"",green,orientation,left,false,false,false,"pedestrian",http://parkhaus.digitalisat.com/media/pages/signs/6/79a24a3a30-1706546760/img_7234.jpg,""
181,6,Gegenüber von,,,wall,false,false,false,"",red,note,,false,false,false,"driver",http://parkhaus.digitalisat.com/media/pages/signs/6/3b6ba075cb-1706547093/img_7236.jpg,""
182,6,Vor,,,ceiling,false,true,false,"",green,orientation,right,true,false,true,"pedestrian",http://parkhaus.digitalisat.com/media/pages/signs/6/4330a2b714-1706547142/img_7239.jpg,""
183,6,Vor,,,ceiling,false,true,false,"",green,orientation,left,true,false,true,"pedestrian",http://parkhaus.digitalisat.com/media/pages/signs/6/142770a4b1-1706547190/img_7240.jpg,""
184,6,Gegenüber von,,,wall,false,false,false,"",red,note,,false,false,false,"driver",http://parkhaus.digitalisat.com/media/pages/signs/6/55535f2dcd-1706547259/img_7222.jpg,""
185,6,Gegenüber von,,,wall,false,true,false,"",red,note,,false,false,false,"pedestrian",http://parkhaus.digitalisat.com/media/pages/signs/6/b001fac514-1706547296/img_7221.jpg,""
186,6,Gegenüber von,,,column,false,false,true,"AUSFAHRT",black,orientation,bottom,false,false,false,"driver",http://parkhaus.digitalisat.com/media/pages/signs/6/0fca94dc0c-1706547376/img_7220.jpg,""
187,6,Zwischen,,31,wall,false,true,false,"",green,orientation,left,false,false,false,"pedestrian",http://parkhaus.digitalisat.com/media/pages/signs/6/3026ba4895-1706547525/img_7219.jpg,""
188,6,Vor,,,ceiling,false,false,false,"",blue,orientation,bottom,false,false,true,"driver",http://parkhaus.digitalisat.com/media/pages/signs/6/eeac81f317-1706547565/img_7218.jpg,""
189,6,Vor,,,ceiling,false,false,false,"",red,note,,false,false,true,"driver",http://parkhaus.digitalisat.com/media/pages/signs/6/242ea0b771-1706547593/img_7217.jpg,""
190,6,Gegenüber von,,,wall,false,false,false,"",red,note,,false,false,false,"driver",http://parkhaus.digitalisat.com/media/pages/signs/6/821f65fff4-1706547651/img_7216.jpg,""
191,6,Gegenüber von,,,wall,false,false,false,"",red,note,,false,false,false,"driver",http://parkhaus.digitalisat.com/media/pages/signs/6/32fee933c6-1706547675/img_7215.jpg,""
192,6,Auf,,,wall,true,false,false,"",blue,orientation,right,false,false,false,"driver",http://parkhaus.digitalisat.com/media/pages/signs/6/2a0bf5fd2d-1706547719/img_7214.jpg,""
193,6,Auf,,,wall,true,false,false,"",blue,orientation,left,false,false,false,"driver",http://parkhaus.digitalisat.com/media/pages/signs/6/9c2075a8ba-1706547756/img_7211.jpg,""
194,6,Auf,,,wall,true,false,false,"",blue,orientation,right,false,false,false,"driver",http://parkhaus.digitalisat.com/media/pages/signs/6/b15ab7628c-1706547807/img_7210.jpg,""
195,6,Auf,,,wall,true,false,false,"",blue,orientation,left,false,false,false,"driver",http://parkhaus.digitalisat.com/media/pages/signs/6/ccc3ecd4a5-1706547848/img_7209.jpg,""
196,6,Auf,,,wall,true,false,false,"",blue,orientation,right,false,false,false,"driver",http://parkhaus.digitalisat.com/media/pages/signs/6/1264172dda-1706547882/img_7207.jpg,""
197,6,Zwischen,,25,wall,false,true,false,"",green,orientation,left,false,true,false,"pedestrian",http://parkhaus.digitalisat.com/media/pages/signs/6/b0aab40c15-1706547930/img_7208.jpg,""
198,6,Zwischen,,6,wall,false,false,false,"",green,orientation,right,false,false,false,"pedestrian",http://parkhaus.digitalisat.com/media/pages/signs/6/c9d41d79a1-1706547981/img_7206.jpg,""
199,6,Auf,,,wall,true,false,false,"",blue,orientation,left,false,true,false,"driver",http://parkhaus.digitalisat.com/media/pages/signs/6/3a393971a0-1706548010/img_7205.jpg,""
200,6,Vor,,,ceiling,false,false,false,"",blue,,,false,false,true,"",http://parkhaus.digitalisat.com/media/pages/signs/6/213255126b-1706548067/img_7204.jpg,""
201,6,Vor,,,ceiling,false,false,false,"",white,,,false,true,true,"",http://parkhaus.digitalisat.com/media/pages/signs/6/e0846c9e78-1706548151/img_7203.jpg,""
202,6,Vor,,,ceiling,false,false,false,"",white,,,false,true,true,"",http://parkhaus.digitalisat.com/media/pages/signs/6/f1778b8739-1706548179/img_7202.jpg,""
203,6,Vor,,,ceiling,false,false,false,"",red,note,,false,false,true,"driver",http://parkhaus.digitalisat.com/media/pages/signs/6/83568cc217-1706548209/img_7201.jpg,""
204,6,Zwischen,,19,wall,false,true,false,"",green,orientation,left,false,false,false,"pedestrian",http://parkhaus.digitalisat.com/media/pages/signs/6/9cddcec2c1-1706548253/img_7200.jpg,""
205,6,Gegenüber von,,,wall,false,false,true,"AUFFAHRT",black,orientation,top,false,true,false,"driver",http://parkhaus.digitalisat.com/media/pages/signs/6/bc65a412fc-1706548310/img_7198.jpg,""
206,6,Vor,,,ceiling,false,true,false,"",green,orientation,right,true,false,true,"pedestrian",http://parkhaus.digitalisat.com/media/pages/signs/6/5ce782d1a4-1706548355/img_7194.jpg,""
207,6,Vor,,,ceiling,false,true,false,"",green,,left,true,false,true,"pedestrian",http://parkhaus.digitalisat.com/media/pages/signs/6/21b9271788-1706548386/img_7195.jpg,""
208,6,Gegenüber von,,,wall,false,true,false,"",green,orientation,bottom,true,false,false,"pedestrian",http://parkhaus.digitalisat.com/media/pages/signs/6/0659077760-1706548446/img_7193.jpg,""
209,6,Gegenüber von,,,door,false,false,true,"Notausgang",green,note,,false,false,false,"pedestrian",http://parkhaus.digitalisat.com/media/pages/signs/6/3f5897a0dd-1706548482/img_7192.jpg,""
210,6,Gegenüber von,,,wall,false,false,false,"",green,orientation,right,false,false,false,"pedestrian",http://parkhaus.digitalisat.com/media/pages/signs/6/294c4e428d-1706548615/6ca7932f-6dc2-40b3-b1a7-7f39ff445546_4_5005_c.jpeg,""
211,6,Auf,,,wall,false,false,true,"nH HOTELES RESERVIERT HV",blue,note,,false,false,false,"driver",http://parkhaus.digitalisat.com/media/pages/signs/6/dbb298e923-1706548746/img_7190.jpg,""
212,6,Auf,,,wall,false,false,true,"nH HOTELES RESERVIERT HV",blue,note,,false,false,false,"driver",http://parkhaus.digitalisat.com/media/pages/signs/6/17492bdff6-1706548772/img_7189.jpg,""
213,6,Auf,,,wall,false,false,true,"nH HOTELES RESERVIERT HV",blue,note,,false,false,false,"driver",http://parkhaus.digitalisat.com/media/pages/signs/6/8b1875a7b0-1706548797/img_7188.jpg,""
214,6,Vor,,,ceiling,,true,false,"",green,orientation,left,true,false,false,"pedestrian",http://parkhaus.digitalisat.com/media/pages/signs/6/9828ad7363-1707643904/noti.jpg,""
215,7,Gegenüber von,,,door,false,false,true,"Ausgang/Exit",black,note,,false,false,false,"pedestrian",http://parkhaus.digitalisat.com/media/pages/signs/7/2f268e6b94-1706543479/img_7170.jpg,""
216,7,Gegenüber von,,,wall,true,true,false,"",green,orientation,bottom,true,false,false,"pedestrian",http://parkhaus.digitalisat.com/media/pages/signs/7/5e6aafb026-1706543524/img_7168.jpg,""
217,7,Vor,,,ceiling,true,false,true,"Ausgang",green,orientation,right,true,true,true,"pedestrian",http://parkhaus.digitalisat.com/media/pages/signs/7/c1bf97b427-1706543625/img_7167.jpg,""
218,7,Vor,,,ceiling,true,false,true,"Ausgang",green,orientation,left,true,true,true,"pedestrian",http://parkhaus.digitalisat.com/media/pages/signs/7/3eaa751424-1706543685/img_7166.jpg,""
219,7,Vor,,,ceiling,true,true,false,"",green,orientation,right,true,false,true,"pedestrian",http://parkhaus.digitalisat.com/media/pages/signs/7/12543eabad-1706543772/img_7164.jpg,""
220,7,Vor,,,ceiling,true,true,false,"",green,orientation,right,true,false,true,"pedestrian",http://parkhaus.digitalisat.com/media/pages/signs/7/dde8c6dde3-1706543815/img_7165.jpg,""
221,7,Gegenüber von,,,column,false,true,false,"",red,note,,false,true,false,"pedestrian",http://parkhaus.digitalisat.com/media/pages/signs/7/d70d161b12-1706543908/img_7176.jpg,""
222,7,Gegenüber von,,,wall,false,false,false,"",red,note,,false,false,false,"driver",http://parkhaus.digitalisat.com/media/pages/signs/7/8924d35cd6-1706543948/img_7177.jpg,""
223,7,Gegenüber von,,,column,false,false,true,"AUSFAHRT",black,orientation,bottom,false,false,false,"driver",http://parkhaus.digitalisat.com/media/pages/signs/7/984813649f-1706544016/img_7179.jpg,""
224,7,Vor,,,wall,false,false,true,"AUSFAHRT",blue,orientation,right,false,false,false,"driver",http://parkhaus.digitalisat.com/media/pages/signs/7/cc443ce6bb-1706544062/img_7180.jpg,""
225,7,Vor,,,ceiling,false,false,false,"",blue,orientation,bottom,false,true,true,"driver",http://parkhaus.digitalisat.com/media/pages/signs/7/8f3ef0a926-1706544126/img_7181.jpg,""
226,7,Vor,,,ceiling,false,false,false,"",blue,,,false,false,false,"",http://parkhaus.digitalisat.com/media/pages/signs/7/11174276c3-1706544170/img_7182.jpg,""
227,7,Auf,,,wall,true,false,false,"",white,note,,false,true,false,"pedestrian",http://parkhaus.digitalisat.com/media/pages/signs/7/f46fcb70bc-1706544686/img_7183.jpg,""
228,7,Zwischen,,24,wall,false,true,false,"",green,orientation,right,false,false,false,"pedestrian",http://parkhaus.digitalisat.com/media/pages/signs/7/b51521941b-1706544798/img_7163.jpg,""
229,7,Gegenüber von,,,wall,false,false,false,"",red,note,,false,false,false,"driver",http://parkhaus.digitalisat.com/media/pages/signs/7/9a8baa9f03-1706544953/img_7160.jpg,""
230,7,Zwischen,,23,column,true,false,false,"",blue,orientation,right,false,false,false,"driver",http://parkhaus.digitalisat.com/media/pages/signs/7/82bddd2e6e-1706545171/img_7152.jpg,""
231,7,Zwischen,,20,wall,false,false,false,"",green,orientation,right,false,true,false,"pedestrian",http://parkhaus.digitalisat.com/media/pages/signs/7/2c72aa76fe-1706545220/img_7151.jpg,""
232,7,Vor,,,ceiling,false,false,false,"",red,note,,false,false,true,"driver",http://parkhaus.digitalisat.com/media/pages/signs/7/585e0a4d81-1706545260/img_7154.jpg,""
233,7,Vor,,,ceiling,false,false,false,"",blue,orientation,top,false,true,true,"driver",http://parkhaus.digitalisat.com/media/pages/signs/7/c1b6059aa0-1706545309/img_7153.jpg,""
234,7,Neben,,,column,false,false,true,"AUFFAHRT",black,note,,false,false,false,"driver",http://parkhaus.digitalisat.com/media/pages/signs/7/994d86ce30-1706545410/img_7156.jpg,""
235,7,Zwischen,,36,column,false,true,false,"",green,orientation,left,false,true,false,"pedestrian",http://parkhaus.digitalisat.com/media/pages/signs/7/67fc7b5fa4-1706545493/img_7150.jpg,""
236,7,Zwischen,,15,wall,false,true,false,"",green,orientation,right,false,false,false,"pedestrian",http://parkhaus.digitalisat.com/media/pages/signs/7/7f203ed931-1706545535/img_7149.jpg,""
237,7,Gegenüber von,,,wall,false,false,false,"",red,note,,false,true,false,"driver",http://parkhaus.digitalisat.com/media/pages/signs/7/6fa80b2bf8-1706545583/img_7147.jpg,""
238,7,Gegenüber von,,,door,false,false,true,"Notausgang",green,note,,false,false,false,"pedestrian",http://parkhaus.digitalisat.com/media/pages/signs/7/8fecf2c170-1706545634/img_7144.jpg,""
239,7,Gegenüber von,,,wall,true,true,false,"",green,orientation,bottom,true,false,false,"pedestrian",http://parkhaus.digitalisat.com/media/pages/signs/7/8df67699cf-1706545661/img_7142.jpg,""
240,7,Vor,,,ceiling,false,true,false,"",green,orientation,left,true,false,true,"pedestrian",http://parkhaus.digitalisat.com/media/pages/signs/7/c7547ff80e-1706545728/img_7141.jpg,""
241,7,Vor,,,ceiling,false,true,false,"",green,orientation,right,true,false,true,"pedestrian",http://parkhaus.digitalisat.com/media/pages/signs/7/644d27d0de-1706545769/img_7140.jpg,""
242,7,Zwischen,,9,wall,false,false,false,"",green,orientation,right,false,true,false,"pedestrian",http://parkhaus.digitalisat.com/media/pages/signs/7/c5fd615d80-1706545807/img_7139.jpg,""
243,7,Auf,,,wall,false,false,true,"nH Hotels RESERVIERT HV",blue,note,,false,false,false,"driver",http://parkhaus.digitalisat.com/media/pages/signs/7/a91d29be87-1706545927/img_7138.jpg,""
244,7,Auf,,,wall,false,false,true,"nH Hotels RESERVIERT HV",blue,note,,false,false,false,"driver",http://parkhaus.digitalisat.com/media/pages/signs/7/8cf5c3f6fa-1706545955/img_7137.jpg,""
245,7,Auf,,,wall,false,false,true,"nH Hotels RESERVIERT HV",blue,note,,false,false,false,"driver",http://parkhaus.digitalisat.com/media/pages/signs/7/115c41c11f-1706545982/img_7136.jpg,""
246,7,Vor,,,ceiling,,false,false,"",blue,,,false,false,true,"",,""
247,8,Gegenüber von,,,ceiling,false,false,false,"",red,note,,false,true,false,"driver",http://parkhaus.digitalisat.com/media/pages/signs/8/7090ebc024-1706382069/img_7128.jpg,""
248,8,Gegenüber von,,,wall,false,true,false,"",red,note,,false,false,false,"pedestrian",http://parkhaus.digitalisat.com/media/pages/signs/8/9909f1a50b-1706382115/img_7127.jpg,""
249,8,Gegenüber von,,,column,false,true,false,"",green,orientation,left,false,false,false,"pedestrian",http://parkhaus.digitalisat.com/media/pages/signs/8/b8b1f79a0f-1706382161/img_7125.jpg,""
250,8,Gegenüber von,,,wall,true,true,false,"",green,orientation,bottom,true,false,false,"pedestrian",http://parkhaus.digitalisat.com/media/pages/signs/8/acac188bb9-1706382202/img_7120.jpg,""
251,8,Gegenüber von,,,door,false,false,true,"Ausgang/Exit",black,note,,false,false,false,"pedestrian",http://parkhaus.digitalisat.com/media/pages/signs/8/f1f742f271-1706382247/img_7119.jpg,""
252,8,Gegenüber von,,,wall,false,true,true,"Rauchen verboten",red,note,,false,false,false,"pedestrian",http://parkhaus.digitalisat.com/media/pages/signs/8/8d7b87a08f-1706382310/img_7114.jpg,""
253,8,Vor,,,ceiling,true,true,false,"",green,orientation,left,true,false,true,"pedestrian",http://parkhaus.digitalisat.com/media/pages/signs/8/824f0d0a8c-1706382396/img_7118.jpg,""
254,8,Vor,,,ceiling,true,true,false,"",green,orientation,right,true,false,true,"pedestrian",http://parkhaus.digitalisat.com/media/pages/signs/8/aa9d129d7f-1706382429/img_7117.jpg,""
255,8,Vor,,,ceiling,true,false,true,"Ausgang",green,orientation,right,true,false,true,"pedestrian",http://parkhaus.digitalisat.com/media/pages/signs/8/1f8ff5d25a-1706382491/img_7116.jpg,""
256,8,Vor,,,ceiling,true,false,true,"Ausgang",green,orientation,left,true,false,true,"pedestrian",http://parkhaus.digitalisat.com/media/pages/signs/8/19f9bcb278-1706382529/img_7115.jpg,""
257,8,Vor,,,ceiling,false,false,false,"",red,note,,false,false,false,"driver",http://parkhaus.digitalisat.com/media/pages/signs/8/e8a644fb47-1706382571/img_7111.jpg,""
258,8,Vor,,,ceiling,false,false,false,"",blue,orientation,bottom,false,false,false,"driver",http://parkhaus.digitalisat.com/media/pages/signs/8/becae5c1e4-1706382601/img_7110.jpg,""
259,8,Gegenüber von,,,column,false,false,true,"AUSFAHRT",black,orientation,bottom,false,false,false,"driver",http://parkhaus.digitalisat.com/media/pages/signs/8/c36fd6985d-1706382680/img_7109.jpg,""
260,8,Gegenüber von,,,wall,false,true,false,"",red,note,,false,false,false,"pedestrian",http://parkhaus.digitalisat.com/media/pages/signs/8/cb312b6681-1706382709/img_7108.jpg,""
261,8,Gegenüber von,,,wall,false,false,false,"",red,note,,false,false,false,"driver",http://parkhaus.digitalisat.com/media/pages/signs/8/a403059ec0-1706382740/img_7107.jpg,""
262,8,Gegenüber von,,,wall,false,false,false,"",red,note,,false,true,false,"driver",http://parkhaus.digitalisat.com/media/pages/signs/8/2be2899362-1706382782/img_7104.jpg,""
263,8,Gegenüber von,,,wall,false,false,false,"",red,note,,false,false,false,"driver",http://parkhaus.digitalisat.com/media/pages/signs/8/66286a232d-1706382814/img_7105.jpg,""
264,8,Auf,,,wall,false,false,false,"",blue,orientation,right,false,false,false,"driver",http://parkhaus.digitalisat.com/media/pages/signs/8/e25c2a890c-1706382866/img_7103.jpg,""
265,8,Zwischen,,27,wall,false,false,false,"",green,orientation,left,false,false,false,"pedestrian",http://parkhaus.digitalisat.com/media/pages/signs/8/2b8aa5f543-1706382910/img_7102.jpg,""
266,8,Auf,,,wall,false,false,false,"",blue,orientation,left,false,false,false,"driver",http://parkhaus.digitalisat.com/media/pages/signs/8/8bdfef649e-1706382941/img_7101.jpg,""
267,8,Auf,,,wall,false,false,false,"",blue,orientation,right,false,false,false,"driver",http://parkhaus.digitalisat.com/media/pages/signs/8/8d47da2898-1706382991/img_7100.jpg,""
268,8,Zwischen,,4,wall,false,true,false,"",green,orientation,right,false,false,false,"pedestrian",http://parkhaus.digitalisat.com/media/pages/signs/8/dad9e21fc5-1706383043/img_7098.jpg,""
269,8,Auf,,,wall,false,false,false,"",blue,orientation,right,false,false,false,"driver",http://parkhaus.digitalisat.com/media/pages/signs/8/3c393b3f05-1706383189/img_7095.jpg,""
270,8,Zwischen,,21,wall,false,false,false,"",green,orientation,left,false,false,false,"pedestrian",http://parkhaus.digitalisat.com/media/pages/signs/8/ba280a2a8e-1706383251/img_7094.jpg,""
271,8,Auf,,,wall,false,false,false,"",blue,orientation,left,false,false,false,"driver",http://parkhaus.digitalisat.com/media/pages/signs/8/9be1d472d5-1706383289/img_7093.jpg,""
272,8,Gegenüber von,,,,false,false,true,"AUFFAHRT",black,orientation,top,false,false,false,"driver",http://parkhaus.digitalisat.com/media/pages/signs/8/27f459174b-1706383422/img_7091.jpg,""
273,8,Vor,,,ceiling,false,false,false,"",blue,,,false,false,true,"driver",http://parkhaus.digitalisat.com/media/pages/signs/8/0b417ad1ca-1706383500/img_7090.jpg,""
274,8,Vor,,,ceiling,false,false,false,"",blue,orientation,top,false,true,true,"driver",http://parkhaus.digitalisat.com/media/pages/signs/8/0b417ad1ca-1706383500/img_7090.jpg,""
275,8,Vor,,,ceiling,false,false,false,"",blue,orientation,top,false,true,true,"driver",http://parkhaus.digitalisat.com/media/pages/signs/8/1b9c28ea8c-1706383566/img_7089.jpg,""
276,8,Vor,,,ceiling,false,false,false,"",red,note,,false,false,true,"driver",http://parkhaus.digitalisat.com/media/pages/signs/8/1b9c28ea8c-1706383566/img_7089.jpg,""
277,8,Gegenüber von,,,wall,true,true,false,"",green,orientation,bottom,true,false,false,"pedestrian",http://parkhaus.digitalisat.com/media/pages/signs/8/b19511cb95-1706383618/img_7085.jpg,""
278,8,Gegenüber von,,,door,false,false,true,"Notausgang",green,note,,false,false,false,"pedestrian",http://parkhaus.digitalisat.com/media/pages/signs/8/d10be8bec5-1706383649/img_7084.jpg,""
279,8,Gegenüber von,,,door,false,false,true,"Brandschutztür stets geschlossen halten",red,note,,false,false,false,"pedestrian",http://parkhaus.digitalisat.com/media/pages/signs/8/cfeefa7b01-1706383710/img_7083.jpg,""
280,8,Vor,,,ceiling,true,true,false,"",green,orientation,right,true,false,true,"pedestrian",http://parkhaus.digitalisat.com/media/pages/signs/8/58e3db1970-1706383756/img_7082.jpg,""
281,8,Vor,,,ceiling,true,true,false,"",green,orientation,left,true,false,true,"pedestrian",http://parkhaus.digitalisat.com/media/pages/signs/8/f6b0c1b6cf-1706383791/img_7081.jpg,""
282,8,Zwischen,,15,wall,false,false,false,"",green,orientation,left,false,false,false,"pedestrian",http://parkhaus.digitalisat.com/media/pages/signs/8/a1677b254d-1706383829/img_7080.jpg,""
283,9,Gegenüber von,,,column,false,true,false,"",green,orientation,right,false,false,false,"pedestrian",http://parkhaus.digitalisat.com/media/pages/signs/9/2a8b72a362-1706378071/img_7063.jpg,""
284,9,Gegenüber von,,,door,false,false,true,"Ausgang/Exit",black,note,,false,false,false,"pedestrian",http://parkhaus.digitalisat.com/media/pages/signs/9/552daac97f-1706378164/img_7057.jpg,""
285,9,Gegenüber von,,,wall,true,true,false,"",green,orientation,bottom,true,false,false,"pedestrian",http://parkhaus.digitalisat.com/media/pages/signs/9/095f54645b-1706378204/img_7056.jpg,""
286,9,Vor,,,ceiling,true,true,false,"",green,orientation,left,true,false,true,"pedestrian",http://parkhaus.digitalisat.com/media/pages/signs/9/02b8359e74-1706378296/img_7065.jpg,""
287,9,Vor,,,ceiling,true,true,false,"",green,orientation,right,true,false,true,"pedestrian",http://parkhaus.digitalisat.com/media/pages/signs/9/e90bdf7032-1706378337/img_7066.jpg,""
288,9,Auf,,,door,false,true,true,"Dieser Raum ist vermietet. Bitte den Zugang zum Objekt immer frei halten! WBMI Real Estate GmbH Berlin Vermieter",red,note,,false,false,false,"pedestrian",http://parkhaus.digitalisat.com/media/pages/signs/9/313fa18a3a-1706378446/img_7067.jpg,""
289,9,Vor,,,ceiling,false,false,false,"",blue,orientation,bottom,false,true,true,"driver",http://parkhaus.digitalisat.com/media/pages/signs/9/9d9b505896-1706378504/img_7069.jpg,""
290,9,Vor,,,ceiling,false,false,false,"",blue,,,false,false,true,"driver",http://parkhaus.digitalisat.com/media/pages/signs/9/f855b579d8-1706378569/img_7070.jpg,""
291,9,Neben,,,wall,false,false,true,"AUSFAHRT",blue,orientation,right,false,false,false,"driver",http://parkhaus.digitalisat.com/media/pages/signs/9/ab84141f79-1706378646/img_7071.jpg,""
292,9,Gegenüber von,,,column,false,false,true,"AUSFAHRT",black,orientation,bottom,false,false,false,"driver",http://parkhaus.digitalisat.com/media/pages/signs/9/bb0f30ef4c-1706378690/img_7072.jpg,""
293,9,Gegenüber von,,,wall,false,true,false,"",red,note,,false,false,false,"pedestrian",http://parkhaus.digitalisat.com/media/pages/signs/9/47a2fcd04d-1706378752/img_7073.jpg,""
294,9,Gegenüber von,,,wall,false,false,false,"",red,note,,false,false,false,"driver",http://parkhaus.digitalisat.com/media/pages/signs/9/626c47e295-1706378781/img_7074.jpg,""
295,9,Vor,,,ceiling,true,false,true,"Ausgang",green,orientation,left,true,true,true,"pedestrian",http://parkhaus.digitalisat.com/media/pages/signs/9/a5c5f3540f-1706378959/img_7055.jpg,""
296,9,Vor,,,ceiling,true,false,true,"Ausgang",green,orientation,right,true,true,true,"pedestrian",http://parkhaus.digitalisat.com/media/pages/signs/9/94b3dac5f5-1706379017/img_7054.jpg,""
297,9,Zwischen,,24,wall,false,false,false,"",green,orientation,right,false,false,false,"pedestrian",http://parkhaus.digitalisat.com/media/pages/signs/9/2fddab74d9-1706379080/img_7050.jpg,""
298,9,Vor,,,ceiling,false,false,false,"",red,note,,false,false,true,"driver",http://parkhaus.digitalisat.com/media/pages/signs/9/a8fb0c0f8c-1706379168/img_7044.jpg,""
299,9,Vor,,,ceiling,false,false,false,"",blue,orientation,top,false,true,true,"driver",http://parkhaus.digitalisat.com/media/pages/signs/9/9442811b48-1706379217/img_7043.jpg,""
300,9,Gegenüber von,,,wall,false,false,false,"",red,note,,false,true,false,"driver",http://parkhaus.digitalisat.com/media/pages/signs/9/a42c3c3d50-1706379287/img_7047.jpg,""
301,9,Gegenüber von,,,column,false,false,true,"AUFFAHRT",black,orientation,top,false,false,false,"driver",http://parkhaus.digitalisat.com/media/pages/signs/9/16eb37e64e-1706379372/img_7046.jpg,""
302,9,Zwischen,,22,wall,false,true,false,"",green,orientation,right,false,false,false,"pedestrian",http://parkhaus.digitalisat.com/media/pages/signs/9/b5aca94cfa-1706379411/img_7049.jpg,""
303,9,Neben,,,column,false,false,false,"",green,orientation,left,false,false,false,"pedestrian",http://parkhaus.digitalisat.com/media/pages/signs/9/ea8e23ce08-1706379476/img_7041.jpg,""
304,9,Zwischen,,36,column,false,false,false,"",green,orientation,left,false,false,false,"pedestrian",http://parkhaus.digitalisat.com/media/pages/signs/9/8e253f0e9f-1706379555/img_7040.jpg,""
305,9,Zwischen,,15,wall,false,true,false,"",green,orientation,right,false,false,false,"pedestrian",http://parkhaus.digitalisat.com/media/pages/signs/9/8928c79896-1706379598/img_7039.jpg,""
306,9,Gegenüber von,,,wall,false,false,false,"",red,note,,false,true,false,"driver",http://parkhaus.digitalisat.com/media/pages/signs/9/fb63219150-1706379664/img_7037.jpg,""
307,9,Zwischen,,11,wall,false,false,false,"",green,orientation,right,false,false,false,"pedestrian",http://parkhaus.digitalisat.com/media/pages/signs/9/e8b45784ac-1706379718/img_7036.jpg,""
308,9,Gegenüber von,,,door,false,false,true,"Notausgang",green,note,,false,false,false,"pedestrian",http://parkhaus.digitalisat.com/media/pages/signs/9/b37edb2f96-1706379777/img_7033.jpg,""
309,9,Gegenüber von,,,wall,true,true,false,"",green,orientation,bottom,true,false,false,"pedestrian",http://parkhaus.digitalisat.com/media/pages/signs/9/6a6fed4435-1706379822/img_7031.jpg,""
310,9,Vor,,,ceiling,true,true,false,"",green,orientation,left,true,false,true,"pedestrian",http://parkhaus.digitalisat.com/media/pages/signs/9/9fdbc18ba1-1706379861/img_7030.jpg,""
311,9,Gegenüber von,,,ceiling,true,true,false,"",green,orientation,right,true,false,true,"pedestrian",http://parkhaus.digitalisat.com/media/pages/signs/9/e716f662a0-1706379895/img_7029.jpg,""
312,10,Gegenüber von,,,door,false,false,true,"Ausgang/Exit",black,note,,false,false,false,"pedestrian",http://parkhaus.digitalisat.com/media/pages/signs/10/f67e0fdb3a-1706375057/img_7014.jpg,""
313,10,Gegenüber von,,,wall,true,true,false,"",green,orientation,bottom,true,false,false,"pedestrian",http://parkhaus.digitalisat.com/media/pages/signs/10/48c67b725c-1706375109/img_7015.jpg,""
314,10,Gegenüber von,,,column,false,true,false,"",green,orientation,left,false,false,false,"pedestrian",http://parkhaus.digitalisat.com/media/pages/signs/10/308ca5e463-1706375166/img_7019.jpg,""
315,10,Gegenüber von,,,wall,false,false,false,"",red,note,,false,false,false,"driver",http://parkhaus.digitalisat.com/media/pages/signs/10/19ef0511e2-1706375231/img_7026.jpg,""
316,10,Vor,,,ceiling,true,true,false,"",green,orientation,right,true,false,true,"pedestrian",http://parkhaus.digitalisat.com/media/pages/signs/10/f8a6eb1ed6-1706375350/img_7025.jpg,""
317,10,Vor,,,ceiling,true,true,false,"",green,orientation,left,true,false,true,"pedestrian",http://parkhaus.digitalisat.com/media/pages/signs/10/38f006c0d8-1706375385/img_7024.jpg,""
318,10,Vor,,,ceiling,true,false,true,"Ausgang",green,orientation,left,true,true,true,"pedestrian",http://parkhaus.digitalisat.com/media/pages/signs/10/f5747ccc01-1706375472/img_7023.jpg,""
319,10,Vor,,,ceiling,true,false,true,"Ausgang",green,orientation,right,true,true,true,"pedestrian",http://parkhaus.digitalisat.com/media/pages/signs/10/2f651b1b20-1706375539/img_7022.jpg,""
320,10,Gegenüber von,,,wall,false,true,true,"Rauchen verboten",red,note,,false,false,false,"pedestrian",http://parkhaus.digitalisat.com/media/pages/signs/10/47408ddabf-1706375611/img_7012.jpg,""
321,10,Vor,,,ceiling,false,false,false,"",blue,orientation,bottom,false,true,true,"driver",http://parkhaus.digitalisat.com/media/pages/signs/10/24ca5c2128-1706375736/img_7011.jpg,""
322,10,Vor,,,ceiling,false,false,false,"",red,note,,false,true,true,"driver",http://parkhaus.digitalisat.com/media/pages/signs/10/46fd4d40c4-1706375834/img_7006.jpg,""
323,10,Gegenüber von,,,wall,false,true,false,"",red,note,,false,false,false,"pedestrian",http://parkhaus.digitalisat.com/media/pages/signs/10/205ce6d7bd-1706375941/img_7010.jpg,""
324,10,Gegenüber von,,,wall,false,false,false,"",red,note,,false,false,false,"driver",http://parkhaus.digitalisat.com/media/pages/signs/10/85f8690e7d-1706376016/img_7009.jpg,""
325,10,Gegenüber von,,,column,false,false,true,"AUSFAHRT",black,note,,false,false,false,"driver",http://parkhaus.digitalisat.com/media/pages/signs/10/78c4fcf164-1706376098/img_7007.jpg,""
326,10,Gegenüber von,,,wall,false,false,false,"",red,note,,false,false,false,"driver",http://parkhaus.digitalisat.com/media/pages/signs/10/1ca486046d-1706376179/img_7002.jpg,""
327,10,Zwischen,,30,column,false,false,false,"",blue,orientation,right,false,false,false,"driver",http://parkhaus.digitalisat.com/media/pages/signs/10/8551f09cf7-1706376336/img_6999.jpg,""
328,10,Zwischen,,29,wall,false,false,false,"",green,orientation,left,false,false,false,"pedestrian",http://parkhaus.digitalisat.com/media/pages/signs/10/417c74b919-1706376404/img_6998.jpg,""
329,10,Zwischen,,1,wall,false,true,false,"",green,orientation,right,false,false,false,"pedestrian",http://parkhaus.digitalisat.com/media/pages/signs/10/827efdffbe-1706376511/img_6997.jpg,""
330,10,Zwischen,,5,column,false,false,false,"",green,orientation,right,false,false,false,"pedestrian",http://parkhaus.digitalisat.com/media/pages/signs/10/3df9c219bd-1706376631/img_6995.jpg,""
331,10,Zwischen,,23,wall,false,true,false,"",green,orientation,left,false,false,false,"pedestrian",http://parkhaus.digitalisat.com/media/pages/signs/10/064071e294-1706376720/img_6994.jpg,""
332,10,Vor,,,ceiling,false,false,false,"",blue,,,false,false,true,"driver",http://parkhaus.digitalisat.com/media/pages/signs/10/4176a249b7-1706376809/img_6993.jpg,""
333,10,Vor,,,ceiling,false,false,false,"",blue,orientation,top,false,true,true,"driver",http://parkhaus.digitalisat.com/media/pages/signs/10/99c23e8f91-1706376870/img_6992.jpg,""
334,10,Vor,,,ceiling,false,false,false,"",blue,orientation,top,false,true,true,"driver",http://parkhaus.digitalisat.com/media/pages/signs/10/c2c1c3a693-1706376940/img_6989.jpg,""
335,10,Vor,,,ceiling,false,false,false,"",red,note,,false,true,true,"driver",http://parkhaus.digitalisat.com/media/pages/signs/10/95a6bedb82-1706377009/img_6988.jpg,""
336,10,Gegenüber von,,,wall,false,false,true,"AUFFAHRT",black,,,false,false,false,"driver",http://parkhaus.digitalisat.com/media/pages/signs/10/cfd6762815-1706377125/img_6990.jpg,""
337,10,Gegenüber von,,,column,false,false,false,"",green,orientation,right,false,false,false,"pedestrian",http://parkhaus.digitalisat.com/media/pages/signs/10/8c92aaf39f-1706377181/img_6984.jpg,""
338,10,Gegenüber von,,,wall,false,true,true,"Rauchen verboten",red,note,,false,false,false,"pedestrian",http://parkhaus.digitalisat.com/media/pages/signs/10/ad2e37056a-1706377261/img_6981.jpg,""
339,10,Zwischen,,17,wall,false,false,false,"",green,orientation,left,false,false,false,"pedestrian",http://parkhaus.digitalisat.com/media/pages/signs/10/572023c3ac-1706377370/img_6987.jpg,""
340,10,Vor,,,ceiling,true,true,false,"",green,orientation,left,true,false,true,"pedestrian",http://parkhaus.digitalisat.com/media/pages/signs/10/9008deb567-1706377569/img_6986.jpg,""
341,10,Vor,,,ceiling,true,true,false,"",green,orientation,right,true,false,true,"pedestrian",http://parkhaus.digitalisat.com/media/pages/signs/10/bc44322fad-1706377609/img_6985.jpg,""
342,10,Gegenüber von,,,wall,true,true,false,"",green,orientation,bottom,true,false,false,"pedestrian",http://parkhaus.digitalisat.com/media/pages/signs/10/5da93275e6-1706377740/img_6980.jpg,""
343,10,Gegenüber von,,,door,false,false,true,"Notausgang",green,note,,false,false,false,"pedestrian",http://parkhaus.digitalisat.com/media/pages/signs/10/993222be3a-1706377792/img_6979.jpg,""
344,11,Gegenüber von,,,wall,true,true,false,"",green,orientation,bottom,true,false,false,"pedestrian",http://parkhaus.digitalisat.com/media/pages/signs/11/534bfe0947-1705745990/image.jpg,""
345,11,Gegenüber von,,,wall,false,false,true,"Ausgang/Exit",black,note,,false,false,false,"pedestrian",http://parkhaus.digitalisat.com/media/pages/signs/11/fcc2f04320-1705746196/tuer.jpg,""
346,11,Gegenüber von,,,ceiling,true,true,true,"Ausgang",green,orientation,left,true,false,true,"pedestrian",http://parkhaus.digitalisat.com/media/pages/signs/11/6d2754b23e-1705746308/gruen-dopp.jpg,""
347,11,Gegenüber von,,,ceiling,false,true,true,"Ausgang",green,orientation,right,true,false,true,"pedestrian",http://parkhaus.digitalisat.com/media/pages/signs/11/709ed48d6c-1705746454/gruen-dopp-2.jpg,""
348,11,Gegenüber von,,,wall,false,true,false,"",red,note,,false,true,false,"pedestrian",http://parkhaus.digitalisat.com/media/pages/signs/11/244b61010f-1705746517/feuer.jpg,""
349,11,Gegenüber von,,,column,false,false,true,"AUSFAHRT",black,note,,false,false,false,"driver",http://parkhaus.digitalisat.com/media/pages/signs/11/e05f19331b-1705746594/aus.jpg,""
350,11,Gegenüber von,,,wall,false,true,false,"",red,note,,false,false,false,"pedestrian",http://parkhaus.digitalisat.com/media/pages/signs/11/dfc0a45eee-1705746658/fuss.jpg,""
351,11,Gegenüber von,,,wall,false,false,false,"",red,note,,false,false,false,"driver",http://parkhaus.digitalisat.com/media/pages/signs/11/05efeef6d0-1705746742/auto.jpg,""
352,11,Neben,,,wall,false,true,true,"AUSFAHRT",red,orientation,right,false,false,false,"driver",http://parkhaus.digitalisat.com/media/pages/signs/11/aff920df7b-1705746823/gelander.jpg,""
353,11,Auf,,,wall,false,false,true,"RESERV",black,note,,false,false,false,"pedestrian",http://parkhaus.digitalisat.com/media/pages/signs/11/926a4e76d8-1705746908/tuer-reserv.jpg,""
354,11,Gegenüber von,,,ceiling,false,true,false,"",green,orientation,left,true,false,true,"pedestrian",http://parkhaus.digitalisat.com/media/pages/signs/11/a61a8693bd-1705746983/g.jpg,""
355,11,Gegenüber von,,,ceiling,false,true,false,"",green,orientation,right,true,false,true,"pedestrian",http://parkhaus.digitalisat.com/media/pages/signs/11/49f9e85ec2-1705747038/g2.jpg,""
356,11,Zwischen,,25,column,false,true,false,"",blue,orientation,right,false,true,false,"driver",http://parkhaus.digitalisat.com/media/pages/signs/11/eb01f710fd-1705747111/ab.jpg,""
357,11,Gegenüber von,,,ceiling,false,true,false,"",red,note,,false,true,true,"driver",http://parkhaus.digitalisat.com/media/pages/signs/11/6c0153a269-1705747217/h.jpg,""
358,11,Gegenüber von,,,ceiling,false,true,false,"",blue,orientation,right,false,true,true,"driver",http://parkhaus.digitalisat.com/media/pages/signs/11/5903667d9e-1705747378/b2.jpg,""
359,11,Gegenüber von,,,ceiling,false,true,false,"",red,note,,false,false,false,"driver",http://parkhaus.digitalisat.com/media/pages/signs/11/6d76b39453-1705747423/r1.jpg,""
360,11,Gegenüber von,,,ceiling,false,true,false,"",red,note,,false,false,false,"driver",http://parkhaus.digitalisat.com/media/pages/signs/11/74b97dc419-1705747468/r2.jpg,""
361,11,Zwischen,,22,ceiling,false,true,false,"",green,orientation,right,false,false,false,"pedestrian",http://parkhaus.digitalisat.com/media/pages/signs/11/466d759305-1705747550/r.jpg,""
362,11,Neben,,,ceiling,false,true,false,"",red,note,,false,false,false,"pedestrian",http://parkhaus.digitalisat.com/media/pages/signs/11/d3e8b5015b-1705747668/f.jpg,""
363,11,Gegenüber von,,,column,false,false,true,"AUFFAHRT",black,note,,false,false,false,"driver",http://parkhaus.digitalisat.com/media/pages/signs/11/3d1f6d38a8-1705747754/z.jpg,""
364,11,Zwischen,,21,ceiling,false,true,false,"",green,orientation,right,false,false,false,"pedestrian",http://parkhaus.digitalisat.com/media/pages/signs/11/921e3fd1da-1705748002/gk.jpg,""
365,11,Auf,,,ceiling,false,true,false,"",green,orientation,right,false,false,false,"pedestrian",http://parkhaus.digitalisat.com/media/pages/signs/11/40826719a4-1705748054/gq.jpg,""
366,11,Zwischen,,36,ceiling,false,true,false,"",green,orientation,left,false,false,false,"pedestrian",http://parkhaus.digitalisat.com/media/pages/signs/11/08e04a33c2-1705748102/gkp.jpg,""
367,11,Gegenüber von,,,ceiling,false,true,false,"",red,note,,false,false,false,"driver",http://parkhaus.digitalisat.com/media/pages/signs/11/96ee79b856-1705748173/r1s.jpg,""
368,11,Gegenüber von,,,ceiling,false,true,false,"",red,note,,false,false,false,"driver",http://parkhaus.digitalisat.com/media/pages/signs/11/44287270d5-1705748223/rgb.jpg,""
369,11,Zwischen,,10,column,false,true,false,"",green,orientation,right,false,false,false,"pedestrian",http://parkhaus.digitalisat.com/media/pages/signs/11/5046bd5af5-1705748281/gk3.jpg,""
370,11,Gegenüber von,,,wall,false,true,true,"DEWAG Signograph 139 88 161 04 102 028 (A2k)Ag 749 / EVP M 1,70",red,note,,false,false,false,"pedestrian",http://parkhaus.digitalisat.com/media/pages/signs/11/2f652167f3-1705748437/rauch.jpg,""
371,11,Gegenüber von,,,wall,false,false,true,"Notausgang",green,note,,false,false,false,"pedestrian",http://parkhaus.digitalisat.com/media/pages/signs/11/9d7261c513-1705748497/nota.jpg,""
372,11,Gegenüber von,,,ceiling,false,true,false,"",green,orientation,bottom,true,false,false,"pedestrian",http://parkhaus.digitalisat.com/media/pages/signs/11/317168a876-1705748545/nota2.jpg,""
373,11,Gegenüber von,,,ceiling,false,true,false,"",green,orientation,right,true,false,true,"pedestrian",http://parkhaus.digitalisat.com/media/pages/signs/11/b821d6e934-1705748603/grs1.jpg,""
374,11,Gegenüber von,,,ceiling,false,true,false,"",green,orientation,left,true,false,true,"pedestrian",http://parkhaus.digitalisat.com/media/pages/signs/11/75d168953b-1705748646/grs2.jpg,""
375,12,Gegenüber von,,,wall,false,true,true,"Rauchen verboten",red,note,,false,false,false,"pedestrian",http://parkhaus.digitalisat.com/media/pages/signs/12/ab3a1d91c4-1706372791/0096fc07-2f83-4c28-a65f-4f4ee9050f1d_1_102_a.jpeg,""
376,12,Gegenüber von,,,door,false,false,true,"Ausgang/Exit",black,note,,false,false,false,"pedestrian",http://parkhaus.digitalisat.com/media/pages/signs/12/6ee0c1873c-1706373375/img_6960.jpg,""
377,12,Gegenüber von,,,wall,true,true,false,"",green,orientation,bottom,true,false,false,"pedestrian",http://parkhaus.digitalisat.com/media/pages/signs/12/e86eb350a4-1706373443/img_6961.jpg,""
378,12,Gegenüber von,,,wall,false,true,false,"",green,orientation,right,false,true,false,"pedestrian",http://parkhaus.digitalisat.com/media/pages/signs/12/64ea00c03f-1706373650/img_6964.jpg,""
379,12,Vor,,,ceiling,true,false,true,"Ausgang",green,orientation,right,true,true,true,"pedestrian",http://parkhaus.digitalisat.com/media/pages/signs/12/32003195af-1706373814/img_6967.jpg,""
380,12,Vor,,,ceiling,true,false,true,"Ausgang",green,orientation,left,true,true,true,"pedestrian",http://parkhaus.digitalisat.com/media/pages/signs/12/35ae35eb52-1706373856/img_6968.jpg,""
381,12,Vor,,,ceiling,true,true,false,"",green,orientation,left,true,false,true,"pedestrian",http://parkhaus.digitalisat.com/media/pages/signs/12/4401beb90b-1706373906/img_6969.jpg,""
382,12,Vor,,,ceiling,true,true,false,"",green,orientation,right,true,false,true,"pedestrian",http://parkhaus.digitalisat.com/media/pages/signs/12/d172e44b25-1706374001/img_6970.jpg,""
383,12,Vor,,,ceiling,false,false,false,"",blue,orientation,bottom,false,false,true,"driver",http://parkhaus.digitalisat.com/media/pages/signs/12/7ea44dde77-1706374095/img_6972.jpg,""
384,12,Vor,,,ceiling,false,false,false,"",red,note,,false,false,true,"driver",http://parkhaus.digitalisat.com/media/pages/signs/12/39db5c2b26-1706374168/img_6955.jpg,""
385,12,Zwischen,,31,wall,false,true,false,"",green,orientation,left,false,false,false,"pedestrian",http://parkhaus.digitalisat.com/media/pages/signs/12/de811bb996-1706374331/img_6953.jpg,""
386,12,Gegenüber von,,,column,false,false,true,"AUSFAHRT",black,note,,false,false,false,"driver",http://parkhaus.digitalisat.com/media/pages/signs/12/b5422d8fae-1706374485/img_6956.jpg,""
387,12,Gegenüber von,,,wall,false,true,false,"",red,note,,false,false,false,"pedestrian",http://parkhaus.digitalisat.com/media/pages/signs/12/ae6b9a3b17-1706374536/img_6957.jpg,""
388,12,Gegenüber von,,,wall,false,false,false,"",red,note,,false,false,false,"driver",http://parkhaus.digitalisat.com/media/pages/signs/12/bb8c3ac568-1706374583/img_6958.jpg,""
389,12,Gegenüber von,,,door,false,false,true,"Die Tür bitte richtig schließen!! ",white,note,,false,false,false,"pedestrian",http://parkhaus.digitalisat.com/media/pages/signs/12/564d61232f-1706374723/img_6947.jpg,""
390,12,Gegenüber von,,,wall,false,false,false,"",red,note,,false,false,false,"driver",http://parkhaus.digitalisat.com/media/pages/signs/12/73378af6ce-1706374818/img_6950.jpg,""
